Tweet,label
nestle_idn shopeeid gojekindonesia akhir hasil juga belanja nestle_idn di shopeeid pakai voucher dari gojekindonesia cuma bayar ongkir rp 900 godealswovv 1212
grabid
pltl eh mau nanya kalian pernah kan pasti naik ojol trs make voucher gitu jd murah misal byr nya jd cuma 2k kalian ttp bayar 2k apa dilebihan ga kalo iya suka ga enak gitu ga sih
rlt eh mau nanya kalian pernah kan pasti naik ojol trs make voucher gitu jd murah misal byr nya jd cuma 2k kalian ttp bayar 2k apa dilebihan ga kalo iya suka ga enak gitu ga sih
grabid kenapa harus masukkan nomer pin
aldapstsr gojekindonesia halo gojekindonesia apakah layan gorich dapat buat hidup saya kaya raya dalam kejap makasi belum
rt seknas_ri    wetanki lebahborneo habib_gai juventini_3rwin 212thepoweroff1 nissaloveallah pujanarto lambangdc5 ych7168 suka_ko ..
rt grabid    turun dari grabcar     saya bayar pake ovo ya bang    siap mbak oiya mbak tau nggak beda ovo sama mantan apa tuh be ..
rt seknas_ri    juventini_3rwin 212thepoweroff1 habib_gai nissaloveallah pujanarto lambangdc5 ych7168 lebahborneo suka_kopi wetan ..
rt seknas_ri    anak_perantau juventini_3rwin 212thepoweroff1 habib_gai nissaloveallah pujanarto lambangdc5 ych7168 lebahborneo ..
rt seknas_ri    juventini_3rwin anak_perantau denycaprion 212thepoweroff1 jhrpujianto pr1841788 setyoawti pujanarto carina_niken ..
rt seknas_ri    juventini_3rwin kornhurry 212thepoweroff1 carina_niken nissaloveallah habib_gai pujanarto lambangdc5 ych7168 leba ..
rt seknas_ri    kornhurry juventini_3rwin 212thepoweroff1 carina_niken nissaloveallah habib_gai pujanarto lambangdc5 ych7168 leba ..
rt seknas_ri    juventini_3rwin 212thepoweroff1 carina_niken nissaloveallah habib_gai pujanarto lambangdc5 ych7168 lebahborneo su ..
rt aldapstsr halo gojekindonesia apakah layan goclean bisa bersih nama baik keluarga makasi belum
rt shadaqti harap kemudi ojol dan dukung mereka pada bpk prabowo dan sandiuno untuk indonesia adil makmur
rt siegeranwalt tolong pihak gojekindonesia beri tindak driver go car yang ini kurang ajar banget korban leceh ini isteri temen ..
rt chitachittaprr    nctconfess grass rumput emergency exit petai asam borat h3bo3 minyak kayu putih gojek grab sayur kooll tinkerbell adu ..
grabid tolong minta contact driver ini dong soalnya dompet isi passport tinggal di dalem ini
rt seknas_ri    wetanki lebahborneo habib_gai juventini_3rwin 212thepoweroff1 nissaloveallah pujanarto lambangdc5 ych7168 suka_ko ..
rt seknas_ri    mybagaspati carina_niken ych7168 nissaloveallah jhrpujianto setyoawti joksusi2019 vintenas 0d5e359a58f4437 majisy ..
rt urxberriesx    cellahanna27 gojekindonesia tolong driver yg seperti ini di kasih ingat sanksi ini annoying bgt sumpah
scuerrells gojekindonesia wad00h gimana nich
rt aldapstsr halo gojekindonesia apakah layan goclean bisa bersih nama baik keluarga makasi belum
rt aldapstsr halo gojekindonesia apakah layan goclean bisa bersih nama baik keluarga makasi belum
rt aldapstsr halo gojekindonesia apakah layan goclean bisa bersih nama baik keluarga makasi belum
rt diompolin    grabid sumpah gak penting layan betulin dulu sering bgt driver minta cancel cm karena jalan dr stasiun ke rumah ..
diajak ngebut bener2 ngebut sama driver ojol mba mba demi ngejar busway degdegannya gailang ilang
rt chitachittaprr    nctconfess grass rumput emergency exit petai asam borat h3bo3 minyak kayu putih gojek grab sayur kooll tinkerbell adu ..
gojekindonesia top up gopay lewat atm dr kemaren siang smp skrg ga masuk2 nih padahal transaksi hasil
rt kevinsudar ada org ngmg gasuka ujan soalnya takut keinget kenang lama gw gasuka ujan cmn krn tarif gojek jd 2x lipet mahal
rt urxberriesx    cellahanna27 gojekindonesia tolong driver yg seperti ini di kasih ingat sanksi ini annoying bgt sumpah
akutu udah bangun jam gamandi mana naik gojek trs tetiba dikabarin dosen hari ini gaada yg masuk sakit bang akutu gabisa diginiin hiks
rt aldapstsr halo gojekindonesia apakah layan goclean bisa bersih nama baik keluarga makasi belum
rt urxberriesx    cellahanna27 gojekindonesia tolong driver yg seperti ini di kasih ingat sanksi ini annoying bgt sumpah
rt aldapstsr halo gojekindonesia apakah layan goclean bisa bersih nama baik keluarga makasi belum
rt aldapstsr halo gojekindonesia apakah layan goclean bisa bersih nama baik keluarga makasi belum
scuerrells gojekindonesia
rt vodkraver quick giveaway    pulsa all operator saldo grab saldo gojek 10k menang diumumin tengah malem ini syarat cukup retweet
rt aldapstsr halo gojekindonesia apakah layan goclean bisa bersih nama baik keluarga makasi belum
rt rfqhlmn    aldapstsr gojekindonesia halo gojekindonesia apakah layan go life bisa mudah hidup saya
saya tau kantor saya di gatot subroto sehingga para kemudi gojekindonesia dari stasiun kalibata banyak yang gak mau ambil orderan saya .. tapi gak gini juga banyak dari kemarin order di ambil lalu di abaikan .. dari 08.30 sampai 08.42 tak ada berita
rt aldapstsr halo gojekindonesia apakah layan goclean bisa bersih nama baik keluarga makasi belum
rt aldapstsr halo gojekindonesia apakah layan goclean bisa bersih nama baik keluarga makasi belum
rt rfqhlmn    aldapstsr gojekindonesia halo gojekindonesia apakah layan go life bisa mudah hidup saya
heh gw pernah punya alam dikejer ojol yang freak ampe mau nikahin      serem
rt nurkhot17    aldapstsr gojekindonesia yaowloh .. gw ngakak baca reply an .. ada negeri selucu ini
rt e_erikajkt48 hahaha aku kejar sampe tanganku ditarik2 tp untung megalodon jadi power aku lebih kuat    langsung lari keluar pintu ..
gila ini gojek kesbeknya kagak habis2 ..
rt aldapstsr halo gojekindonesia apakah layan goclean bisa bersih nama baik keluarga makasi belum
gojekindonesia tlg cek dm ya saya ada lapor kena top up saldo yg bermasalah sudah dr tgl 20 nov tlg direspon thank you
rt aldapstsr halo gojekindonesia apakah layan goclean bisa bersih nama baik keluarga makasi belum
rlt guys coba cek menu voucher saya di app gojek siapa tau ada voucher go pulsa
rt urxberriesx    cellahanna27 gojekindonesia tolong driver yg seperti ini di kasih ingat sanksi ini annoying bgt sumpah
rt selphieusagi halo gojekindonesia saya usul tambah opsi akhlak di go fix karena demand nya pasti tinggi trims ..
rt kinktaehyng     .. karena pusing mikirin skripsi mahasiswa bayu alih profesi jadi ojol favorit wanita     sklokal      me and ..
rt selphieusagi halo gojekindonesia saya usul tambah opsi akhlak di go fix karena demand nya pasti tinggi trims ..
rt shadaqti harap kemudi ojol dan dukung mereka pada bpk prabowo dan sandiuno untuk indonesia adil makmur
rt banyusadewa find gojek can find it that because tarifnya sekarang udah mahal dan jaran ..
scuerrells ankertwiter gojekindonesia
rt gruusomeflower aku heran kenapa driver kalian tu suka banget ngambil orderan cuma buat bilang jauh bu macet bu cancel aja ya bu    ..
admin twitter netflixid dan grabid coba gaya komunikasi yang rupa tapi apa yang satu lebih hasil dari yang lain apakah mata mata tingkat terampil penjiwaan otentisitas atau faktor lainnya seperti citra produk di mata guna
rt aldapstsr halo gojekindonesia apakah layan goclean bisa bersih nama baik keluarga makasi belum
dulatips sy akan segera transferkan dana utk ojol balik ke solo
e100ss dan lihatlah bis bis jurus bungur thr bungur kupang bungur bratang ga ubah sejak sy mulai kuliah di akhir 90an sby emang lg darurat angkut umum ojol dan taxi ol sempat jd udara segar tp akhir hrs ngadepin jg sang kuasa jati sby angkot alias bemo
hay gojekindonesia telah transaksi go bils bisa diprint ga 
rt ultras_sector5 juara full musim gojek liga tahun 2018         bukan juara paruh musim
rt selphieusagi halo gojekindonesia saya usul tambah opsi akhlak di go fix karena demand nya pasti tinggi trims ..
rt seknas_ri    mybagaspati carina_niken ych7168 nissaloveallah jhrpujianto setyoawti joksusi2019 vintenas 0d5e359a58f4437 majisy ..
rt nandostg06    hipstermaid turun dari ojol .. dont say it dont say it dont say it dont say it dont say it dont say it dont say it don ..
rt seknas_ri    wetanki lebahborneo habib_gai juventini_3rwin 212thepoweroff1 nissaloveallah pujanarto lambangdc5 ych7168 suka_ko ..
wetanki lebahborneo habib_gai juventini_3rwin 212thepoweroff1 nissaloveallah pujanarto lambangdc5 ych7168 suka_kopi suryoudoro cobra0312 paquitacumadebu vintenas 0d5e359a58f4437 jhrpujianto joksusi2019 majisyafii tirta_helena kpakdhe namaku_mei kornhurry anak_perantau ardhie_9179 enny_fadjri gunwbisono endrabanyu al_nghothot intan37866162 feradiana_a andijkts jnnewrw cetakbalikpapan carina_niken harimaumacann pr1841788 filbertstwn baleteros pecandusore tjahjadijudono ahmadmulkan9 hectorhecko stefan_ivanov ulysses_ferrel nanaa_rosaa neng_geli gojek_dps kejo_online ksa habibluthfiyahy jenderal tapioka
rt bolang_mks gojek tolong aplikasinya ditambah fitur dong .. selain gofood ada juga goball bisa pesan juara .. bangsat .. 
gojekindonesia min cek dm terima kasih
gojek
rt aldapstsr halo gojekindonesia apakah layan goclean bisa bersih nama baik keluarga makasi belum
rt urxberriesx    cellahanna27 gojekindonesia tolong driver yg seperti ini di kasih ingat sanksi ini annoying bgt sumpah
gojekindonesia halo selamat pagi min saya ada kirim dm minta tolong dibaca terima kasih
rt shadaqti harap kemudi ojol dan dukung mereka pada bpk prabowo dan sandiuno untuk indonesia adil makmur
diminta cancel orderan sm driver gojekindonesia gegara titik jemputnya jauh di peta sih menit sahaja tapi rapopo udh biasa driver gojek minta dicancel
mybagaspati carina_niken ych7168 nissaloveallah jhrpujianto setyoawti joksusi2019 vintenas 0d5e359a58f4437 majisyafii tirta_helena kpakdhe namaku_mei kornhurry 212thepoweroff1 wetanki anak_perantau suryoudoro cobra0312 ardhie_9179 enny_fadjri lebahborneo pujanarto gunwbisono juventini_3rwin endrabanyu al_nghothot intan37866162 feradiana_a andijkts jnnewrw cetakbalikpapan harimaumacann pr1841788 lambangdc5 filbertstwn baleteros pecandusore tjahjadijudono ahmadmulkan9 hectorhecko stefan_ivanov ulysses_ferrel nanaa_rosaa neng_geli gojek_dps kejo_online boeing boeingairplanes boeingeurope agak ganggu
rt aldapstsr halo gojekindonesia apakah layan goclean bisa bersih nama baik keluarga makasi belum
rt positioningmag grab waaing get chabaebrnd go jek cchaak inod epidaihthdl ngaichainkrungethph cchud    aant         po ..
rt aldapstsr halo gojekindonesia apakah layan goclean bisa bersih nama baik keluarga makasi belum
scuerrells parah banget ini mba tolong gojekindonesia drivernya ditindak
rt aldapstsr halo gojekindonesia apakah layan goclean bisa bersih nama baik keluarga makasi belum
rt shadaqti harap kemudi ojol dan dukung mereka pada bpk prabowo dan sandiuno untuk indonesia adil makmur
rt aldapstsr halo gojekindonesia apakah layan goclean bisa bersih nama baik keluarga makasi belum
rt aldapstsr halo gojekindonesia apakah layan goclean bisa bersih nama baik keluarga makasi belum
aninadnindy ulfhmbrk wah iya bisa bisa .. jadi ojol pun qualified
izzurrahman99 scuerrells arieparikesit gojekindonesia kalo turut saya foto drivernya dan muncratan yg kena paha itu udah cukup bukti untuk dilaporkan jgn cuma ke gojek tp ke polisi jg karena memang ini masalah serius ade ini kan punya orang tua
rt aldapstsr halo gojekindonesia apakah layan goclean bisa bersih nama baik keluarga makasi belum
halo gojekindonesia    biasa saya pesan galon untuk kantor guna go life namun tiba tiba kok begini ya sekarang wilayah surabaya terima kasih
gojekindonesia saya rasa sufah saatnya kalian review dan ajar dari mekanisme bluebird dengan beri bonus dari total dapat dibandingkan total trip bagai customer setia gojek saya sudah mulai rasa tidak nyaman guna gojek
pie susu dhian dikirim dari bekasi cepat dengan gojek ke depok invite 575c5691 iklanbandel
siegeranwalt gojekindonesia wah gila nih driver
its so annoying ordered food from gojek the store says its open from 7am to 10pm and the driver said that the store is not open yet he said that the store will open at 10am and was like wtf ordered breakfast combo which they have time for that from    10 am .. tbc
tingkat tepat waktu datang skrg sudah dipengaruhi oleh tahu jalan driver ojol taxol
rt aldapstsr halo gojekindonesia apakah layan goclean bisa bersih nama baik keluarga makasi belum
ketika gue naik ojol trus drivernya rada sensi positive thinking aja kalau abang drivernya lagi kesel ama bininya
nestle_idn shopeeid gojekindonesia akhir hasil juga belanja nestle_idn di shopeeid pakai voucher dari gojekindonesia cuma bayar ongkir rp 900 godealswovv 1212
grabid
pltl eh mau nanya kalian pernah kan pasti naik ojol trs make voucher gitu jd murah misal byr nya jd cuma 2k kalian ttp bayar 2k apa dilebihan ga kalo iya suka ga enak gitu ga sih
rlt eh mau nanya kalian pernah kan pasti naik ojol trs make voucher gitu jd murah misal byr nya jd cuma 2k kalian ttp bayar 2k apa dilebihan ga kalo iya suka ga enak gitu ga sih
grabid kenapa harus masukkan nomer pin
aldapstsr gojekindonesia halo gojekindonesia apakah layan gorich dapat buat hidup saya kaya raya dalam kejap makasi belum
rt seknas_ri    wetanki lebahborneo habib_gai juventini_3rwin 212thepoweroff1 nissaloveallah pujanarto lambangdc5 ych7168 suka_ko ..
rt grabid    turun dari grabcar     saya bayar pake ovo ya bang    siap mbak oiya mbak tau nggak beda ovo sama mantan apa tuh be ..
rt seknas_ri    juventini_3rwin 212thepoweroff1 habib_gai nissaloveallah pujanarto lambangdc5 ych7168 lebahborneo suka_kopi wetan ..
rt seknas_ri    anak_perantau juventini_3rwin 212thepoweroff1 habib_gai nissaloveallah pujanarto lambangdc5 ych7168 lebahborneo ..
rt seknas_ri    juventini_3rwin anak_perantau denycaprion 212thepoweroff1 jhrpujianto pr1841788 setyoawti pujanarto carina_niken ..
rt seknas_ri    juventini_3rwin kornhurry 212thepoweroff1 carina_niken nissaloveallah habib_gai pujanarto lambangdc5 ych7168 leba ..
rt seknas_ri    kornhurry juventini_3rwin 212thepoweroff1 carina_niken nissaloveallah habib_gai pujanarto lambangdc5 ych7168 leba ..
rt seknas_ri    juventini_3rwin 212thepoweroff1 carina_niken nissaloveallah habib_gai pujanarto lambangdc5 ych7168 lebahborneo su ..
rt aldapstsr halo gojekindonesia apakah layan goclean bisa bersih nama baik keluarga makasi belum
rt shadaqti harap kemudi ojol dan dukung mereka pada bpk prabowo dan sandiuno untuk indonesia adil makmur
rt siegeranwalt tolong pihak gojekindonesia beri tindak driver go car yang ini kurang ajar banget korban leceh ini isteri temen ..
rt chitachittaprr    nctconfess grass rumput emergency exit petai asam borat h3bo3 minyak kayu putih gojek grab sayur kooll tinkerbell adu ..
grabid tolong minta contact driver ini dong soalnya dompet isi passport tinggal di dalem ini
rt seknas_ri    wetanki lebahborneo habib_gai juventini_3rwin 212thepoweroff1 nissaloveallah pujanarto lambangdc5 ych7168 suka_ko ..
rt seknas_ri    mybagaspati carina_niken ych7168 nissaloveallah jhrpujianto setyoawti joksusi2019 vintenas 0d5e359a58f4437 majisy ..
rt urxberriesx    cellahanna27 gojekindonesia tolong driver yg seperti ini di kasih ingat sanksi ini annoying bgt sumpah
scuerrells gojekindonesia wad00h gimana nich
rt aldapstsr halo gojekindonesia apakah layan goclean bisa bersih nama baik keluarga makasi belum
rt aldapstsr halo gojekindonesia apakah layan goclean bisa bersih nama baik keluarga makasi belum
rt aldapstsr halo gojekindonesia apakah layan goclean bisa bersih nama baik keluarga makasi belum
rt diompolin    grabid sumpah gak penting layan betulin dulu sering bgt driver minta cancel cm karena jalan dr stasiun ke rumah ..
diajak ngebut bener2 ngebut sama driver ojol mba mba demi ngejar busway degdegannya gailang ilang
rt chitachittaprr    nctconfess grass rumput emergency exit petai asam borat h3bo3 minyak kayu putih gojek grab sayur kooll tinkerbell adu ..
gojekindonesia top up gopay lewat atm dr kemaren siang smp skrg ga masuk2 nih padahal transaksi hasil
rt kevinsudar ada org ngmg gasuka ujan soalnya takut keinget kenang lama gw gasuka ujan cmn krn tarif gojek jd 2x lipet mahal
rt urxberriesx    cellahanna27 gojekindonesia tolong driver yg seperti ini di kasih ingat sanksi ini annoying bgt sumpah
akutu udah bangun jam gamandi mana naik gojek trs tetiba dikabarin dosen hari ini gaada yg masuk sakit bang akutu gabisa diginiin hiks
rt aldapstsr halo gojekindonesia apakah layan goclean bisa bersih nama baik keluarga makasi belum
rt urxberriesx    cellahanna27 gojekindonesia tolong driver yg seperti ini di kasih ingat sanksi ini annoying bgt sumpah
rt aldapstsr halo gojekindonesia apakah layan goclean bisa bersih nama baik keluarga makasi belum
rt aldapstsr halo gojekindonesia apakah layan goclean bisa bersih nama baik keluarga makasi belum
scuerrells gojekindonesia
rt vodkraver quick giveaway    pulsa all operator saldo grab saldo gojek 10k menang diumumin tengah malem ini syarat cukup retweet
rt aldapstsr halo gojekindonesia apakah layan goclean bisa bersih nama baik keluarga makasi belum
rt rfqhlmn    aldapstsr gojekindonesia halo gojekindonesia apakah layan go life bisa mudah hidup saya
saya tau kantor saya di gatot subroto sehingga para kemudi gojekindonesia dari stasiun kalibata banyak yang gak mau ambil orderan saya .. tapi gak gini juga banyak dari kemarin order di ambil lalu di abaikan .. dari 08.30 sampai 08.42 tak ada berita
rt aldapstsr halo gojekindonesia apakah layan goclean bisa bersih nama baik keluarga makasi belum
rt aldapstsr halo gojekindonesia apakah layan goclean bisa bersih nama baik keluarga makasi belum
rt rfqhlmn    aldapstsr gojekindonesia halo gojekindonesia apakah layan go life bisa mudah hidup saya
heh gw pernah punya alam dikejer ojol yang freak ampe mau nikahin      serem
rt nurkhot17    aldapstsr gojekindonesia yaowloh .. gw ngakak baca reply an .. ada negeri selucu ini
rt e_erikajkt48 hahaha aku kejar sampe tanganku ditarik2 tp untung megalodon jadi power aku lebih kuat    langsung lari keluar pintu ..
gila ini gojek kesbeknya kagak habis2 ..
rt aldapstsr halo gojekindonesia apakah layan goclean bisa bersih nama baik keluarga makasi belum
gojekindonesia tlg cek dm ya saya ada lapor kena top up saldo yg bermasalah sudah dr tgl 20 nov tlg direspon thank you
rt aldapstsr halo gojekindonesia apakah layan goclean bisa bersih nama baik keluarga makasi belum
rlt guys coba cek menu voucher saya di app gojek siapa tau ada voucher go pulsa
rt urxberriesx    cellahanna27 gojekindonesia tolong driver yg seperti ini di kasih ingat sanksi ini annoying bgt sumpah
rt selphieusagi halo gojekindonesia saya usul tambah opsi akhlak di go fix karena demand nya pasti tinggi trims ..
rt kinktaehyng     .. karena pusing mikirin skripsi mahasiswa bayu alih profesi jadi ojol favorit wanita     sklokal      me and ..
rt selphieusagi halo gojekindonesia saya usul tambah opsi akhlak di go fix karena demand nya pasti tinggi trims ..
rt shadaqti harap kemudi ojol dan dukung mereka pada bpk prabowo dan sandiuno untuk indonesia adil makmur
rt banyusadewa find gojek can find it that because tarifnya sekarang udah mahal dan jaran ..
scuerrells ankertwiter gojekindonesia
rt gruusomeflower aku heran kenapa driver kalian tu suka banget ngambil orderan cuma buat bilang jauh bu macet bu cancel aja ya bu    ..
admin twitter netflixid dan grabid coba gaya komunikasi yang rupa tapi apa yang satu lebih hasil dari yang lain apakah mata mata tingkat terampil penjiwaan otentisitas atau faktor lainnya seperti citra produk di mata guna
rt aldapstsr halo gojekindonesia apakah layan goclean bisa bersih nama baik keluarga makasi belum
dulatips sy akan segera transferkan dana utk ojol balik ke solo
e100ss dan lihatlah bis bis jurus bungur thr bungur kupang bungur bratang ga ubah sejak sy mulai kuliah di akhir 90an sby emang lg darurat angkut umum ojol dan taxi ol sempat jd udara segar tp akhir hrs ngadepin jg sang kuasa jati sby angkot alias bemo
hay gojekindonesia telah transaksi go bils bisa diprint ga 
rt ultras_sector5 juara full musim gojek liga tahun 2018         bukan juara paruh musim
rt selphieusagi halo gojekindonesia saya usul tambah opsi akhlak di go fix karena demand nya pasti tinggi trims ..
rt seknas_ri    mybagaspati carina_niken ych7168 nissaloveallah jhrpujianto setyoawti joksusi2019 vintenas 0d5e359a58f4437 majisy ..
rt nandostg06    hipstermaid turun dari ojol .. dont say it dont say it dont say it dont say it dont say it dont say it dont say it don ..
rt seknas_ri    wetanki lebahborneo habib_gai juventini_3rwin 212thepoweroff1 nissaloveallah pujanarto lambangdc5 ych7168 suka_ko ..
wetanki lebahborneo habib_gai juventini_3rwin 212thepoweroff1 nissaloveallah pujanarto lambangdc5 ych7168 suka_kopi suryoudoro cobra0312 paquitacumadebu vintenas 0d5e359a58f4437 jhrpujianto joksusi2019 majisyafii tirta_helena kpakdhe namaku_mei kornhurry anak_perantau ardhie_9179 enny_fadjri gunwbisono endrabanyu al_nghothot intan37866162 feradiana_a andijkts jnnewrw cetakbalikpapan carina_niken harimaumacann pr1841788 filbertstwn baleteros pecandusore tjahjadijudono ahmadmulkan9 hectorhecko stefan_ivanov ulysses_ferrel nanaa_rosaa neng_geli gojek_dps kejo_online ksa habibluthfiyahy jenderal tapioka
rt bolang_mks gojek tolong aplikasinya ditambah fitur dong .. selain gofood ada juga goball bisa pesan juara .. bangsat .. 
gojekindonesia min cek dm terima kasih
gojek
rt aldapstsr halo gojekindonesia apakah layan goclean bisa bersih nama baik keluarga makasi belum
rt urxberriesx    cellahanna27 gojekindonesia tolong driver yg seperti ini di kasih ingat sanksi ini annoying bgt sumpah
gojekindonesia halo selamat pagi min saya ada kirim dm minta tolong dibaca terima kasih
rt shadaqti harap kemudi ojol dan dukung mereka pada bpk prabowo dan sandiuno untuk indonesia adil makmur
diminta cancel orderan sm driver gojekindonesia gegara titik jemputnya jauh di peta sih menit sahaja tapi rapopo udh biasa driver gojek minta dicancel
mybagaspati carina_niken ych7168 nissaloveallah jhrpujianto setyoawti joksusi2019 vintenas 0d5e359a58f4437 majisyafii tirta_helena kpakdhe namaku_mei kornhurry 212thepoweroff1 wetanki anak_perantau suryoudoro cobra0312 ardhie_9179 enny_fadjri lebahborneo pujanarto gunwbisono juventini_3rwin endrabanyu al_nghothot intan37866162 feradiana_a andijkts jnnewrw cetakbalikpapan harimaumacann pr1841788 lambangdc5 filbertstwn baleteros pecandusore tjahjadijudono ahmadmulkan9 hectorhecko stefan_ivanov ulysses_ferrel nanaa_rosaa neng_geli gojek_dps kejo_online boeing boeingairplanes boeingeurope agak ganggu
rt aldapstsr halo gojekindonesia apakah layan goclean bisa bersih nama baik keluarga makasi belum
rt positioningmag grab waaing get chabaebrnd go jek cchaak inod epidaihthdl ngaichainkrungethph cchud    aant         po ..
rt aldapstsr halo gojekindonesia apakah layan goclean bisa bersih nama baik keluarga makasi belum
scuerrells parah banget ini mba tolong gojekindonesia drivernya ditindak
rt aldapstsr halo gojekindonesia apakah layan goclean bisa bersih nama baik keluarga makasi belum
rt shadaqti harap kemudi ojol dan dukung mereka pada bpk prabowo dan sandiuno untuk indonesia adil makmur
rt aldapstsr halo gojekindonesia apakah layan goclean bisa bersih nama baik keluarga makasi belum
rt aldapstsr halo gojekindonesia apakah layan goclean bisa bersih nama baik keluarga makasi belum
aninadnindy ulfhmbrk wah iya bisa bisa .. jadi ojol pun qualified
izzurrahman99 scuerrells arieparikesit gojekindonesia kalo turut saya foto drivernya dan muncratan yg kena paha itu udah cukup bukti untuk dilaporkan jgn cuma ke gojek tp ke polisi jg karena memang ini masalah serius ade ini kan punya orang tua
rt aldapstsr halo gojekindonesia apakah layan goclean bisa bersih nama baik keluarga makasi belum
halo gojekindonesia    biasa saya pesan galon untuk kantor guna go life namun tiba tiba kok begini ya sekarang wilayah surabaya terima kasih
gojekindonesia saya rasa sufah saatnya kalian review dan ajar dari mekanisme bluebird dengan beri bonus dari total dapat dibandingkan total trip bagai customer setia gojek saya sudah mulai rasa tidak nyaman guna gojek
pie susu dhian dikirim dari bekasi cepat dengan gojek ke depok invite 575c5691 iklanbandel
siegeranwalt gojekindonesia wah gila nih driver
its so annoying ordered food from gojek the store says its open from 7am to 10pm and the driver said that the store is not open yet he said that the store will open at 10am and was like wtf ordered breakfast combo which they have time for that from    10 am .. tbc
tingkat tepat waktu datang skrg sudah dipengaruhi oleh tahu jalan driver ojol taxol
rt aldapstsr halo gojekindonesia apakah layan goclean bisa bersih nama baik keluarga makasi belum
ketika gue naik ojol trus drivernya rada sensi positive thinking aja kalau abang drivernya lagi kesel ama bininya
rt arie_kriting naik ojol me    bang tiga depan belok kiri ojol    oke bang 10 meter belum tiga me    bang nanti belok ki ..
grabid grabfood juga tadi malam pesan menu ngga suai aplikasi malah nambahin 14 rb minta cash
idr 50k readystock siap kirim dari jkt jne       gojek ukur    bahan tera di bagi bawah foto semua dalam centimeter    lp    lingkar pinggang    ld    lingkar dada    pj    panjang ..
rt shadaqti harap kemudi ojol dan dukung mereka pada bpk prabowo dan sandiuno untuk indonesia adil makmur
rt jiidoirl oh yeh kemaren ada kasus gojek sangean pas bawa tumpang heres the tip kalau kalian liat gojeknya curiga misal seri ..
rt aldapstsr halo gojekindonesia apakah layan goclean bisa bersih nama baik keluarga makasi belum
semalem pas pulang ngeliat ojol celaka .. gpp sih dua tumpang sadar drivernya cuma sakit tumpang agak shock .. curiga driver nya udah capek jadi gak awas lg wong itu jalan lurus minim ada potensi celaka kecuali kurang waspada karena ngantuk capek ..
ikut promo gojekpromo    gojekindonesia voucher nestle_idn senilai rp 30k dapat rp 12 voucher alfamart senilai rp 10k dapat rp 12 tumben banget bisa dapat jatah biasa jam 12 01 udah sold
pagi pagi udah rame ojol vs opang aja nih depan kosan
pengen beli jaket gojek .. dimana yak
rt urxberriesx    cellahanna27 gojekindonesia tolong driver yg seperti ini di kasih ingat sanksi ini annoying bgt sumpah
rt vodkraver quick giveaway    pulsa all operator saldo grab saldo gojek 10k menang diumumin tengah malem ini syarat cukup retweet
rt ultras_sector5 juara full musim gojek liga tahun 2018         bukan juara paruh musim
rt selphieusagi halo gojekindonesia saya usul tambah opsi akhlak di go fix karena demand nya pasti tinggi trims ..
.. and then richarlison scored .. ve broken my record indeed l. jumped 22 places on gojek fpl league amazing weekend
rt urxberriesx    cellahanna27 gojekindonesia tolong driver yg seperti ini di kasih ingat sanksi ini annoying bgt sumpah
rt shadaqti harap kemudi ojol dan dukung mereka pada bpk prabowo dan sandiuno untuk indonesia adil makmur
scuerrells ini driver di kota mana biar lebih waspada yg di kota sebut btw jangan lupa laporin ke gojekindonesia ya biar ditindak
rt aldapstsr halo gojekindonesia apakah layan goclean bisa bersih nama baik keluarga makasi belum
rt aldapstsr halo gojekindonesia apakah layan goclean bisa bersih nama baik keluarga makasi belum
gojek ha indoneshiawoDai Biao suru yunikonQi Ye    apurikara baiku Che noraidoshiea ubereatsnoYang naPei Da sabisu matsusaziShi Jia Shi Dai Xing noPai Qian Dian Zi Jue Ji nado samazamana sabisugaTi Gong sareteiru Jin Ying Hua moShang Ying sareteite Jue Hao Diao noQi Ye
idr 50k readystock siap kirim dari jkt jne       gojek ukur    bahan tera di bagi bawah foto semua dalam centimeter    lp    lingkar pinggang    ld    lingkar dada    pj    panjang ..
rt aldapstsr halo gojekindonesia apakah layan goclean bisa bersih nama baik keluarga makasi belum
rt aldapstsr halo gojekindonesia apakah layan goclean bisa bersih nama baik keluarga makasi belum
rt aldapstsr halo gojekindonesia apakah layan goclean bisa bersih nama baik keluarga makasi belum
rt aldapstsr halo gojekindonesia apakah layan goclean bisa bersih nama baik keluarga makasi belum
jadwal kuliah mundur bae dah ini kuliah apa juara liga gojek
s_wary download gojek la athai
rt urxberriesx    cellahanna27 gojekindonesia tolong driver yg seperti ini di kasih ingat sanksi ini annoying bgt sumpah
rt aldapstsr halo gojekindonesia apakah layan goclean bisa bersih nama baik keluarga makasi belum
rt shadaqti harap kemudi ojol dan dukung mereka pada bpk prabowo dan sandiuno untuk indonesia adil makmur
rt shadaqti harap kemudi ojol dan dukung mereka pada bpk prabowo dan sandiuno untuk indonesia adil makmur
rt aldapstsr halo gojekindonesia apakah layan goclean bisa bersih nama baik keluarga makasi belum
rt gojekindonesia selamat untuk persija_jkt juara liga 2018 persija juara persija day
gojekindonesia selamat pagi akhir2 ini kok sekarang sering dapet driver suka ngeluh jauh dan gamau pick up ya performnya jangan turun dong
rt siegeranwalt tolong pihak gojekindonesia beri tindak driver go car yang ini kurang ajar banget korban leceh ini isteri temen ..
rt siegeranwalt tolong pihak gojekindonesia beri tindak driver go car yang ini kurang ajar banget korban leceh ini isteri temen ..
rt aldapstsr halo gojekindonesia apakah layan goclean bisa bersih nama baik keluarga makasi belum
rt shadaqti harap kemudi ojol dan dukung mereka pada bpk prabowo dan sandiuno untuk indonesia adil makmur
ku cinta grab makin banyakin promo ya grabid
gojekindonesia gojekindonesia kalian perlu ada survey puas langgan bagi saya ini sangat tidak kena dan overall saya milik banyak screenshot bukti driver kalian nakal
rt siegeranwalt tolong pihak gojekindonesia beri tindak driver go car yang ini kurang ajar banget korban leceh ini isteri temen ..
scuerrells katanya si ojol itu tbtb henti ngeluarin barangnya didepan dia dia shock sampe nelfonin saya dan nangis krn kaget dan takut kalo tbtb ketemu lg sm dia cm mau ngsh tau aja setauku bs buat lapor masalah kyk gini kok
aku ke ca cuma mau nyari promo gojek
rt sayamandor    cellahanna27 kejo_online moga alam ini untuk pertama dan akhir kalinya kak jgn kapok naik gojek karna ga semu ..
grabid selamat pagi untuk komplain harus lewat mana ya ini saya pagi pagi di cancel terus sama driver jadi telat ke kantor deh harus komplain kemana ya
rt grabid    turun dari grabcar     saya bayar pake ovo ya bang    siap mbak oiya mbak tau nggak beda ovo sama mantan apa tuh be ..
gojekindonesia belakang ini banyak kali driver tuyul dan hanya ingin trip pendek di daerah sunter jakarta dan saya rasa ini buat tidak nyaman customer sistem bonus kalian buat customer tidak nyaman karena para drivernya jadinya hanya ingin trip pendek
rt grabid    turun dari grabcar     saya bayar pake ovo ya bang    siap mbak oiya mbak tau nggak beda ovo sama mantan apa tuh be ..
scuerrells teenageir gojekindonesia
rt kekentanganhqq    cellahanna27 00renji jasa free tag gojekindonesia tolong bgt mas mba admin oknum oknum yg di suspend dong
rt aldapstsr halo gojekindonesia apakah layan goclean bisa bersih nama baik keluarga makasi belum
gojekindonesia help resi toped gk 131902840 ga nyampe2 dr smalam dicek livetracking drivernya bobo tolong ditindak donk
rt grabid    turun dari grabcar     saya bayar pake ovo ya bang    siap mbak oiya mbak tau nggak beda ovo sama mantan apa tuh be ..
gojekindonesia pagi min tolong jelaskan cara guna go daily untuk isi ulang galon air minum apakah abang gojek ke rumah dulu dan ambil galon kosong terima kasih
cari makan yg bisa mengubati luka hati ini gojek bali
report issue field buat ngetik ketutupan keyboard hasilnya autoreply grabid
hallo gojekindonesia di bantu cek dm mu ya terima kasih
oh yeh kemaren ada kasus gojek sangean pas bawa tumpang heres the tip kalau kalian liat gojeknya curiga misal sering turunin tangan kalian kalau liat kantor polisi langsung bilang     bang bang bentar belok ke sana ya saya mau jenguk papa yang lagi kerja
rt selphieusagi halo gojekindonesia saya usul tambah opsi akhlak di go fix karena demand nya pasti tinggi trims ..
rt rlthingy    rlt cara dapetin voucher gojek gimana ya go food atau yg lain nya
rt grabid grabchat sekarang bisa teks suara    gambar kemudi lebih aman komunikasi tanpa harus ngetik kamu pun bisa lebih cepat ..
scuerrells percaya kok saya kl ada yg seperti ini krn bbrp minggu lalu tmn saya perempuan tbtb nelfon saya dan dia nangis krn jadi ini dan ada salah satu ojol henti didpn dia betul tmn saya baru plg kerja dan dia nunggu bus sendiri dan ada kitar katanya gak begitu rame
thanks bluebirdgroup krn telah tangan keluh saya kait lebih argo yg diinput driver pada aplikasi gojekindonesia
rt shadaqti harap kemudi ojol dan dukung mereka pada bpk prabowo dan sandiuno untuk indonesia adil makmur
rt aldapstsr halo gojekindonesia apakah layan goclean bisa bersih nama baik keluarga makasi belum
rt vodkraver quick giveaway    pulsa all operator saldo grab saldo gojek 10k menang diumumin tengah malem ini syarat cukup retweet
rlt cara dapetin voucher gojek gimana ya go food atau yg lain nya
riya mulu
rt positioningmag grab waaing get chabaebrnd go jek cchaak inod epidaihthdl ngaichainkrungethph cchud    aant         po ..
grabid ngobrolnya pas uda turun mobil ya di klakson2 in sama org belakang lah gmn si
mas mbak gojek .. dalam rangka mengkampanyekan agar 01 jokowi lagi maka tiap komen saya akan seperti ini ya .. ini yang bisa saya lakukan untuk dukung 01 jokowi lagi
rt urxberriesx    cellahanna27 gojekindonesia tolong driver yg seperti ini di kasih ingat sanksi ini annoying bgt sumpah
rt umahissa    aldapstsr destriapnr gojekindonesia halo gojekindonesia apakah goclean bisa bersih hati yang penuh dengki terima ..
kpn
aniesbaswedan badanbahasa dkijakarta mrtjakarta keren pak tapi alangkah lebih keren lagi tiap lapor keluh warga bisa diselesaikan dengan cepat seperti ojol angkot parkir sembarang di jl mangga dua raya bawah jembatan itc cc dishubdki_jkt
pagi min gojekindonesia saya beli paket data via go pulsa kok gabisa ya saldo saya juga belum potong boleh minta tolong bantu trims
tuker poin tsel bbrp yg favorit ud abis yg masih ada tinggl makan hmm .. kaya tahun lalu lagi nih poin dibiarin angus krn ga tarik pilih ga traveloka ga gojek ga halo ga tarik
grabid kadang seringnya tiap order sy tembak aja drivernya via chat bisa jemput pak kl ga bisa bpk aja yg cancel
rt grabid    turun dari grabcar     saya bayar pake ovo ya bang    siap mbak oiya mbak tau nggak beda ovo sama mantan apa tuh be ..
rt urxberriesx    cellahanna27 gojekindonesia tolong driver yg seperti ini di kasih ingat sanksi ini annoying bgt sumpah
suka deg degan kalau naik ojol yang mamangnya ga mau nyelip bis damri takut tiba tiba bisnya keluarin asap asap cantik dari knalpot
citrajulians scuerrells laporin aja ke gojek info di twit nggk efektif
ernestprakasa logikanya masih dijalan lg sama ojol
ojek online ojol dan angkot di kota probolinggo kembali libat selisih picu salah satu sopir angkot tarik tumpang ojek online saat lintas di jl soekarno hatta tepatnya di depan rs dharma husada
itu ojol yang di pukulin opang di manggarai bau baunya bakal rame paling habis ini di ijoin tu
grabid seperti sistemnya harus diperbaiki driver sering ngeluh kl mereka ga order tapi orderan masuk sendiri akibat kita yg kepaksa cancel padahal kita juga ga pengen bisa kena suspend lagi kl uda 10x cancel drivernya jg suka melas2 mohon erti ga bisa cancel
grab waaing get chabaebrnd go jek cchaak inod epidaihthdl ngaichainkrungethph cchud    aant         positioningmag grab get go jek iekhchaneriiykrthsaathaarna
rt grabid    turun dari grabcar     saya bayar pake ovo ya bang    siap mbak oiya mbak tau nggak beda ovo sama mantan apa tuh be ..
rt aldapstsr halo gojekindonesia apakah layan goclean bisa bersih nama baik keluarga makasi belum
ojol maaf mbak rektorat di belah mana ya saya    jelasin ojol okedeh makasih mbak saya iya makasih ..
rt scuerrells dan nyata finalnya ada campur tangan pihak tiga yang beli akun oh baru tau akun ojol bisa enak jual beli yaa ..
rt urxberriesx    cellahanna27 gojekindonesia tolong driver yg seperti ini di kasih ingat sanksi ini annoying bgt sumpah
indraptram scuerrells haddadp yakali si ojol nya lagi mastrubasi trs mbaknya poto ih tolol nya sampe dna yak ini
sold out kaki babi    pork pork pork ready daging babi yang di jogja mau pesan .. bisa kirim gojek    gosend goshop free ongkir minimal kg dalam ringroad dan kg luar ringroad diskon ..
suoththth askmenfess ga pernah pake gojek gituan gw kemana mana pake motor
rt shadaqti harap kemudi ojol dan dukung mereka pada bpk prabowo dan sandiuno untuk indonesia adil makmur
grabid afri90 coba pakr hp lain bisa
smartfrenworld knp ya dr semalem internetnya ngadat .. eh pagi2 hampir jam juga ngadat .. pdhl sinyal ada pasca bayar .. sampe telat masuk kerja gegara ga bisa order ojol .. alamat dipotong nih
rt shadaqti harap kemudi ojol dan dukung mereka pada bpk prabowo dan sandiuno untuk indonesia adil makmur
