web,kategori
depkes,Pemerintah Pusat
litbang.kemkes,Pemerintah Pusat
kemenkopmk ,Pemerintah Pusat
kemendagri ,Pemerintah Pusat
bangda.kemendagri,Pemerintah Pusat
kemenkeu ,Pemerintah Pusat
pertanian,Pemerintah Pusat
kemdikbud,Pemerintah Pusat
kemenag,Pemerintah Pusat
kkp.go.id,Pemerintah Pusat
pu.go.id,Pemerintah Pusat
kominfo ,Pemerintah Pusat
kemenpppa ,Pemerintah Pusat
bappenas depkes,Pemerintah Pusat
litbang.kemkes,Pemerintah Pusat
kemenkopmk ,Pemerintah Pusat
kemendagri ,Pemerintah Pusat
bangda.kemendagri,Pemerintah Pusat
kemenkeu ,Pemerintah Pusat
dinkes.brebeskab,Pemerintah Daerah
dinkes.tasikmalayakota,Pemerintah Daerah
dinkes.pamekasankab,Pemerintah Daerah
subang.go.id,Pemerintah Daerah
dinkes.bandungbaratkab,Pemerintah Daerah
dinkes.kotabogor,Pemerintah Daerah
solokkab.go.id,Pemerintah Daerah
sdgsindonesia,NGO
theindonesianinstitute,NGO
iuwashplus,NGO
wahanavisi,NGO
unsoed,Universitas
unissula,Universitas
detik,Portal
kompasiana,Portal
