keywords,site
Catatan Kuningan ,https://www.bkkbn.go.id 
Erna Kusmawati,www.unsoed.ac.id
Rumah Sehat Anti Stunting,www.unissula.ac.id
stunting,www.depkes.go.id
stunting,https://www.kemenkopmk.go.id/
stunting,http://www.kemendagri.go.id/
stunting,https://www.kemenkeu.go.id/
stunting,www.pertanian.go.id
stunting,www.kemendikbud.go.id
stunting,www.kemenag.go.id
stunting,www.kkp.go.id
stunting,www.pu.go.id
stunting,http://kominfo.go.id/
stunting,https://www.kemenpppa.go.id/
stunting,www.bappenas.go.id
stunting,http://kemendesa.go.id/
stunting,www.kemendag.go.id
stunting,www.pom.go.id 
stunting,www.dinkes.brebeskab.go.id
stunting, https://dinkes.tasikmalayakota.go.id
stunting,http://dinkes.pamekasankab.go.id/
stunting,https://www.subang.go.id/instansi/detail/7
stunting,http://dinkes.bandungbaratkab.go.id/
stunting,https://www.dinkes.kotabogor.go.id/
stunting,https://solokkab.go.id/
stunting,www.iuwashplus.or.id 
stunting,https://wahanavisi.org/
stunting,www.bangda.kemendagri.go.id
stunting,www.idai.or.id 
stunting,www.detik.com
stunting,www.kompasiana.com
stunting,www.sdgsindonesia.or.id
stunting,www.theindonesianinstitute.com 
stunting,https://www.litbang.kemkes.go.id
stunting,www.ksp.go.id 
