URL_clean,Title,Desc
https://www.kemenkopmk.go.id/artikel/inovasi-intervensi-pencegahan-stunting-dapat-menggunakan-dana-desa,Inovasi Intervensi Pencegahan Stunting Dapat Menggunakan ...https://www.kemenkopmk.go.id › artikel › inovasi-inter...CachedTranslate this page,"Oct 1, 2019 - Dana desa sesungguhnya dapat digunakan dalam pencegahan dan penanggulangan stunting. Hal itu merupakan suatu bentuk inovasi ..."
https://www.kemenkopmk.go.id/artikel/aksi-cegah-stunting-untuk-hasilkan-sdm-indonesia-berkualitas,Aksi Cegah Stunting Untuk Hasilkan SDM Indonesia Berkualitashttps://www.kemenkopmk.go.id › artikel › aksi-cegah-st...CachedTranslate this page,"Nov 28, 2018 - Jakarta (28/11) – Kemenko PMK melakukan fungsi Kordinasi, Sinkronisasi dan Pengendalian (KSP) terkait pencegahan stunting pada 21 ..."
https://www.kemenkopmk.go.id/artikel/agus-efektivitas-penurunan-stunting-perlu-dilakukan-secara-terintegrasi,Agus: Efektivitas Penurunan Stunting Perlu Dilakukan Secara ...https://www.kemenkopmk.go.id › artikel › agus-efektivi...CachedTranslate this page,"Oct 2, 2019 - Sebanyak 228 kabupaten/kota mempunyai prevalensi stunting di atas 40 atau tergolong sangat tinggi. Pada 2018, Riskesda mencatat ..."
https://www.kemenkopmk.go.id/artikel/kesehatan,Kesehatan | Situs Resmi Kementerian Koordinator Bidang ...https://www.kemenkopmk.go.id › artikel › kesehatanCachedSimilarTranslate this page,"Kunjungan Menko PMK ini membicarakan dengan berbagai isu strategis diantaranya penanganan stunting, BPJS Kesehatan, harga obat tinggi dan ..."
https://www.kemenkopmk.go.id/artikel/pemberdayaan-ekonomi-perempuan-berbasis-budaya,Pemberdayaan Ekonomi Perempuan Berbasis Budaya | Situs ...https://www.kemenkopmk.go.id › artikel › pemberdaya...CachedTranslate this page,"Jul 21, 2019 - Yogyakarta (19/7) – Staf Ahli Menteri Kemenko PMK kembali menyelenggarakan acara Forum Komunikasi Staf Ahli Menteri (FORKOMSAM) ..."
https://www.kemenkopmk.go.id/artikel/kemenko-pmk-harapkan-terbentuknya-kelembagaan-terkait-program-pelayanan-kepemudaan-di-kl,Kemenko PMK Harapkan Terbentuknya Kelembagaan Terkait ...https://www.kemenkopmk.go.id › artikel › kemenko-p...CachedTranslate this page,"May 16, 2019 - Jakarta (16/5) – Kemenko PMK mengharapkan segera dibentuknya Kelembagaan (Tim Pelaksana, Kelompok Kerja, dan Sekretariat) terkait ..."
https://www.kemenkopmk.go.id/reformasi-birokrasi/lakip-kemenko-pmk,LAKIP KEMENKO PMK | Situs Resmi Kementerian ...https://www.kemenkopmk.go.id › reformasi-birokrasiCachedTranslate this page,"Jul 31, 2019 - Attachment, Size. LAKIP KEMENKOPMK 2015, 12.71 MB. LAKIP KEMENKOPMK 2016, 13.54 MB. LAKIP KEMENKOPMK 2017, 10.82 MB."
https://www.kemenkopmk.go.id/artikel/membangun-kebudayaan-melalui-pengembangan-olahraga,Membangun Kebudayaan Melalui Pengembangan Olahraga ...https://www.kemenkopmk.go.id › artikel › membangun...CachedTranslate this page,"Aug 29, 2019 - Jakarta (28/8) – Olahraga merupakan salah satu alternatif pendidikan karakter yang efektif. Sportivitas, disiplin, pantang menyerah, kerjasama ..."
http://www.kemenkopmk.go.id/content/pemajuan-kebudayaan,Pemajuan Kebudayaan | Situs Resmi Kementerian ...www.kemenkopmk.go.id › content › pemajuan-kebuda...CachedTranslate this page,Agus: Efektivitas Penurunan Stunting Perlu Dilakukan Secara Terintegrasi · Inovasi Intervensi Pencegahan Stunting Dapat Menggunakan Dana Desa.
https://www.kemenkopmk.go.id/pengumuman/kemenko-pmk-luncurkan-interkoneksi-omspan-dengan-siskeudes-dan-siskorbangdes,Kemenko PMK Luncurkan Interkoneksi OMSPAN dengan ...https://www.kemenkopmk.go.id › pengumuman › keme...CachedTranslate this page,"... Internasional 2019. Oleh humas on August 21, 2019. Kemenko PMK Luncurkan Interkoneksi OMSPAN dengan Siskeudes dan Siskorbangdes · Siaran Pers ..."
https://www.kemenkopmk.go.id/artikel/cegah-perkawinan-usia-anak-kemenko-pmk-gelar-rakor-di-kalteng,"Cegah Perkawinan Usia Anak, Kemenko PMK Gelar Rakor di ...https://www.kemenkopmk.go.id › artikel › cegah-perka...CachedTranslate this page","Sep 25, 2019 - Bahkan ditenggarai salah satu resiko stunting karena faktor pernikahan anak di bawah usia 18 tahun. Penyebab stunting ini karena lahir ..."
https://www.kemenkopmk.go.id/artikel/persiapan-pospenas-ke-viii-terus-dimatangkan,Persiapan POSPENAS Ke-VIII Terus Dimatangkan | Situs ...https://www.kemenkopmk.go.id › artikel › persiapan-po...CachedTranslate this page,"Aug 13, 2019 - Jakarta (13/8) -- Asisten Deputi (Asdep) Pembinaan Umat Beragama, Pendidikan Agama dan Keagamaan Kemenko PMK, Sahlan Masduki ..."
http://www.kemenkopmk.go.id/artikel/siap-digelar-pospenas-viii-tahun-2019-di-kota-bandung-jawa-barat,"Siap Digelar, Pospenas VIII Tahun 2019 di Kota Bandung ...www.kemenkopmk.go.id › artikel › siap-digelar-pospen...CachedTranslate this page","Oct 21, 2019 - Jakarta (21/10)--- Kurang lebih satu bulan lagi Pekan Olahraga Pekan Olahraga dan Seni antarPondok Pesantren Tingkat Nasional ..."
https://www.kemenkopmk.go.id/publikasi/konvensi-hak-anak,KONVENSI HAK ANAK | Situs Resmi Kementerian ...https://www.kemenkopmk.go.id › publikasi › konvensi-...CachedTranslate this page,"Sep 20, 2019 - Pelanggaran atas hak anak kerap terjadi di berbagai daerah, hal ini terlihat dari tingginya kasus kekerasan terhadap anak. Menurut data ..."
https://www.kemenkopmk.go.id/artikel/kemenko-pmk-koordinasikan-peringatan-hari-disabilitas-internasional-2019,Kemenko PMK Koordinasikan Peringatan Hari Disabilitas ...https://www.kemenkopmk.go.id › artikel › kemenko-p...CachedTranslate this page,"Oct 29, 2019 - Jakarta (29/10) -- Asisten Deputi Pemberdayaan Disabilitas dan Lansia Kemenko PMK, Ade Rustama, Selasa pagi tadi memimpin rapat ..."
https://www.kemenkopmk.go.id/artikel/rapim-eselon-1-kemenko-pmk,Rapim Eselon 1 Kemenko PMK | Situs Resmi Kementerian ...https://www.kemenkopmk.go.id › artikel › rapim-eselon...CachedTranslate this page,"Oct 3, 2019 - ... Program Jaminan Kesehatan Nasional dan upaya pencegahan serta penanganan stunting. Adapun mengenai laporan mengenai koordinasi ..."
https://www.kemenkopmk.go.id/artikel/nota-kesepahaman-untuk-mensinergikan-pembangunan-desa,Nota Kesepahaman untuk Mensinergikan Pembangunan Desa.https://www.kemenkopmk.go.id › artikel › nota-kesepah...CachedTranslate this page,"Jan 8, 2019 - Jakarta (08/01) – Menindak lanjuti Forum Group Discussion (FGD) pengingkatan kapasitas dan partisipasi masyarakat, Kedeputian bidang ..."
https://www.kemenkopmk.go.id/artikel/kemenko-pmk-koordinasikan-pengembangan-program-csr-untuk-kegiatan-produktif,Kemenko PMK Koordinasikan Pengembangan Program CSR ...https://www.kemenkopmk.go.id › artikel › kemenko-p...CachedTranslate this page,"Aug 16, 2019 - Jakarta (16/8) --- Asisten Deputi Pemberdayaan Masyarakat, Kemenko PMK, Mustikorini Indrijatiningrum, sore tadi membuka sekaligus ..."
https://www.kemenkopmk.go.id/artikel/menko-pmk-pimpin-rtm-dewan-penyantun-lpdp,Menko PMK Pimpin RTM Dewan Penyantun LPDP | Situs ...https://www.kemenkopmk.go.id › artikel › menko-pmk-...CachedTranslate this page,"Sep 9, 2019 - Jakarta (9/9) – Sebagai tindak lanjut rapat Dewan Penyantun Lembaga Pengelola Dana Pendidikan (LPDP) yang berlangsung pada 21 ..."
https://www.kemenkopmk.go.id/artikel/sinergitas-sinkronisasi-lintas-pihak-tuntutan-pelaksanaan-uu-desa-masa-datang,"Sinergitas & Sinkronisasi Lintas Pihak, Tuntutan Pelaksanaan ...https://www.kemenkopmk.go.id › artikel › sinergitas-sin...CachedTranslate this page","Oct 23, 2019 - Bogor (23/10) -- Kementerian Koordinator Bidang Pembangunan Manusia dan Kebudayaan (Kemenko PMK) berkolaborasi dengan Friedrich ..."
https://www.kemenkopmk.go.id/artikel/kemenko-pmk-serah-terima-40-ribu-rumah-korban-gempa-ntb,Kemenko PMK Serah Terima 40 Ribu Rumah Korban Gempa ...https://www.kemenkopmk.go.id › artikel › kemenko-p...CachedTranslate this page,"Oct 11, 2019 - Lombok Barat (10/10) -- Pasca kejadian gempa bumi yang melanda sebagian wilayah Provinsi Nusa Tenggara Barat (NTB), beberapa waktu ..."
https://www.kemenkopmk.go.id/artikel/pemerintah-akan-intensifkan-sosialisasi-konsumsi-sesuai-akg,Pemerintah Akan Intensifkan Sosialisasi Konsumsi Sesuai AKGhttps://www.kemenkopmk.go.id › artikel › pemerintah-a...CachedTranslate this page,"Jun 25, 2019 - Jakarta (24/06) – Sosialisasi akan pentingnya konsumsi makanan yang sesuai dengan Angka Kecukupan Gizi (AKG) harus lebih masif ..."
https://www.kemenkopmk.go.id/artikel/kemenko-pmk-laksanakan-fungsi-ksp-bidang-pemberdayaan-disabilitas-dan-lansia,Kemenko PMK Laksanakan Fungsi KSP bidang Pemberdayaanhttps://www.kemenkopmk.go.id › artikel › kemenko-p...CachedTranslate this page,"Oct 24, 2019 - Jakarta (24/10) -- Asisten Deputi (Asdep) Bidang Pemberdayaan Disabilitas dan Lanjut Usia Kemenko PMK, Ade Rustama, memimpin rapat ..."
https://www.kemenkopmk.go.id/artikel/deputi-iii-kemenko-pmk-ikuti-healthies-run-5k-di-kemenkes,Deputi III Kemenko PMK Ikuti Healthies Run 5K di Kemenkes ...https://www.kemenkopmk.go.id › artikelCachedTranslate this page,"Oct 6, 2019 - Jakarta (06/10) - Salah satu penyebab faktor risiko penyakit saat ini adalah kurangnya kesadaran masyarakat akan aktivitas fisik, terutama ..."
https://www.kemenkopmk.go.id/artikel/magdalena-perkuat-sinergi-dan-integrasi-program-kegiatan-pendampingpenyuluh,Magdalena: Perkuat Sinergi dan Integrasi Program Kegiatan ...https://www.kemenkopmk.go.id › artikel › magdalena-p...CachedTranslate this page,"Jan 25, 2019 - Seperti di Desa Lokaso Prioritas Nasional, KPPN, Desa-desa Stunting, kawasan tertinggal, perbatasan dan prioritas sector,” jelas Magdalena."
https://www.kemenkopmk.go.id/artikel/kemenko-pmk-bahas-pembinaan-peserta-kb,Kemenko PMK Bahas Pembinaan Peserta KB | Situs Resmi ...https://www.kemenkopmk.go.id › artikel › kemenko-p...CachedTranslate this page,"Sep 30, 2019 - Jakarta (30/9) -- Deputi Bidang Koordinasi Peningkatan Kesehatan Kemenko PMK, Agus Suprapto memberikan arahan dalam rapat koordinasi ..."
https://www.kemenkopmk.go.id/artikel/choesni-pusat-dan-daerah-harus-bersinergi-memberikan-perlindungan-sosial-bagi-lansia-dan,Choesni: Pusat dan Daerah Harus Bersinergi Memberikan ...https://www.kemenkopmk.go.id › artikel › choesni-pusa...CachedTranslate this page,"Jul 18, 2019 - Jakarta (18/07) - Deputi Bidang Koordinasi Penanggulangan Kemiskinan dan Perlindungan Sosial Kemenko PMK, Tb. Achmad Choesni ..."
http://www.kemenkopmk.go.id/artikel/kemenko-pmk-kembali-gelar-persiapan-kontingen-indonesia-di-sea-games-2019,Kemenko PMK Kembali Gelar Persiapan Kontingen Indonesia ...www.kemenkopmk.go.id › artikel › kemenko-pmk-kem...CachedTranslate this page,"Oct 21, 2019 - Jakarta (21/10 ) --- SEA Games 2019 di Manila, Filipina, sudah didepan mata. Terkait dengan hal tersebut, Kemenko PMK menggelar rakornis ..."
https://www.kemenkopmk.go.id/artikel/program-reformasi-total-koperasi-sebagai-satu-kesuksesan-bersama,Program Reformasi Total Koperasi Sebagai Satu Kesuksesan ...https://www.kemenkopmk.go.id › artikel › program-ref...CachedTranslate this page,"Oct 11, 2019 - Sleman (10/10) - Kementerian Koperasi dan UKM (Kemenkop UKM) menyelenggarakan Forum Tematik Bakohumas bertema '5 Tahun ..."
https://www.kemenkopmk.go.id/artikel/pemerintah-melakukan-langkah-langkah-penanganan-dampak-kerusuhan-sosial-papua-dan-papua,Pemerintah Melakukan Langkah-Langkah Penanganan ...https://www.kemenkopmk.go.id › artikel › pemerintah-...CachedTranslate this page,"Sep 13, 2019 - Jakarta (13/9) – Pemerintah telah dan akan melanjutkan langkah-langkah penanganan dampak kerusuhsan sosial yang terjadi di Papua dan ..."
https://www.kemenkopmk.go.id/artikel/prof-agus-sartono-jalur-vokasi-menjadi-solusi-peningkatan-sdm-indonesia,Prof Agus Sartono: Jalur Vokasi Menjadi Solusi Peningkatan ...https://www.kemenkopmk.go.id › artikel › prof-agus-sa...CachedTranslate this page,"Sep 19, 2019 - ... PMK Dukung Pengembangan Olahraga Rekreasi untuk Kesejahteraan Masyarakat · Menko PMK Buka Lokakarya Penanggulangan Stunting."
https://www.kemenkopmk.go.id/artikel/pemerintah-dorong-percepatan-pemulihan-kawasan-pesisir-dan-laut-provinsi-kepulauan-riau,Pemerintah Dorong Percepatan Pemulihan Kawasan Pesisir ...https://www.kemenkopmk.go.id › artikel › pemerintah-...CachedTranslate this page,"Oct 4, 2019 - Jakarta (4/10) --- Deputi Bidang Koordinasi Pemberdayaan Masyarakat, Desa dan Kawasan Kemenko PMK, Sonny Harry B. Harmadi siang ini ..."
https://www.kemenkopmk.go.id/artikel/pekan-kerja-nyata-revolusi-mental-resmi-ditutup,Pekan Kerja Nyata Revolusi Mental Resmi Ditutup | Situs ...https://www.kemenkopmk.go.id › artikel › pekan-kerja-...CachedTranslate this page,"Sep 21, 2019 - Banjarbaru (21/09) - Pekan Kerja Nyata Revolusi Mental (PKN RM) yang diselenggarakan dari tanggal 19 hingga 21 September 2019 resmi ..."
https://www.kemenkopmk.go.id/artikel/kemenko-pmk-laksanakan-sosialisasi-pemberdayaan-perempuan-di-fisip-unair,Kemenko PMK Laksanakan Sosialisasi Pemberdayaan ...https://www.kemenkopmk.go.id › artikel › kemenko-p...CachedTranslate this page,"Oct 5, 2019 - Surabaya (4/10) -- Deputi Bidang Koordinasi Perlindungan Perempuan dan Anak Kemenko PMK, Ghafur Dharmaputra didampingi Asisten ..."
https://www.kemenkopmk.go.id/video-galeri,Video Kegiatan Kemenko PMK | Situs Resmi Kementerian ...https://www.kemenkopmk.go.id › video-galeriCachedSimilarTranslate this page,"Keterangan, Video Kemenko PMK. Pembangunan Manusia dan Kebudayaan Setelah 4 Tahun. Pembangunan Manusia dan Kebudayaan Setelah 4 Tahun ..."
https://www.kemenkopmk.go.id/artikel/kemenko-pmk-bahas-penyusunan-renstra-2020-2024,Kemenko PMK Bahas Penyusunan Renstra 2020-2024 | Situs ...https://www.kemenkopmk.go.id › artikel › kemenko-p...CachedTranslate this page,"Jul 12, 2019 - Jakarta (12/7) – Kemenko PMK menggelar rapat koordinasi persiapan penyusunan rencana strategis (renstra) 2020-2024 di Ruang Rapat ..."
https://www.kemenkopmk.go.id/artikel/kemenko-pmk-laksanakan-sosialisasi-pengurangan-resiko-bencana-di-kawasan-das-citarum,Kemenko PMK Laksanakan Sosialisasi Pengurangan Resiko ...https://www.kemenkopmk.go.id › artikel › kemenko-p...CachedTranslate this page,"Sep 23, 2019 - Bandung (20/9) -- Paska pelatihan pengurangan risiko bencana bagi warga masyarakat dari 9 desa yang tersebar di wilayah kerja Sektor 1 ..."
https://www.kemenkopmk.go.id/artikel/peletakan-batu-pertama-relokasi-hunian-tahap-iii-masyarakat-terdampak-erupsi-gunung-sinabung,Peletakan Batu Pertama Relokasi Hunian Tahap III ...https://www.kemenkopmk.go.id › artikel › peletakan-ba...CachedTranslate this page,"Oct 19, 2019 - Kabupaten Karo (18/10) -- Deputi Bidang Koordinasi Kerawanan Sosial dan Dampak Bencana Kementerian Koordinator Bidang ..."
https://www.kemenkopmk.go.id/artikel/uea-indonesia-merupakan-mitra-penting-pemberantasan-tppo,UEA: Indonesia Merupakan Mitra Penting Pemberantasan TPPOhttps://www.kemenkopmk.go.id › artikel › uea-indonesi...CachedTranslate this page,"Oct 30, 2019 - Jakarta (29/10) - Deputi Bidang Koordinasi Perlindungan Perempuan dan Anak Kemenko PMK, Ghafur Dharmaputra menerima audiensi ..."
https://www.kemenkopmk.go.id/artikel/kemenko-pmk-gelar-sosialisasi-pedoman-pengelolaan-dipa,Kemenko PMK Gelar Sosialisasi Pedoman Pengelolaan DIPA ...https://www.kemenkopmk.go.id › artikel › kemenko-p...CachedTranslate this page,"Oct 16, 2019 - Jakarta (16/10) --- Seskemenko PMK, YB. Satya Sananugraha, didampingi oleh Deputi Bidang Koordinasi Peningkatan Kesehatan Kemenko ..."
https://www.kemenkopmk.go.id/artikel/kemenko-pmk-dorong-pelestarian-dan-pengelolaan-warisan-dunia-subak-bali-landscape,Kemenko PMK Dorong Pelestarian dan Pengelolaan Warisan ...https://www.kemenkopmk.go.id › artikel › kemenko-p...CachedTranslate this page,"Oct 17, 2019 - Denpasar (11/10) -- Kemenko PMK berupaya mendorong pelestarian dan pengelolaan Warisan Dunia Subak-Bali Landscape. Hal tersebut ..."
https://www.kemenkopmk.go.id/artikel/kemenko-pmk-tinjau-proses-pembuatan-patung-hj-fatmawati-soekarno,Kemenko PMK Tinjau Proses Pembuatan Patung Hj ...https://www.kemenkopmk.go.id › artikel › kemenko-p...CachedTranslate this page,"Oct 18, 2019 - Bandung (18/10) – Kemenko PMK bersama dengan Kementerian/Lembaga terkait, Pemerintah Daerah Bengkulu, dan pemangku kepentingan ..."
https://www.kemenkopmk.go.id/artikel/kemenko-pmk-kawal-terus-penguatan-ekonomi-perdesaan-melalui-bum-desa,Kemenko PMK Kawal Terus Penguatan Ekonomi Perdesaan ...https://www.kemenkopmk.go.id › artikel › kemenko-p...CachedTranslate this page,"Oct 29, 2019 - Jakarta (29/10)--- Asisten Deputi Pemberdayaan Masyarakat, Mustikorini Indrijatiningrum memimpin dan mengarahkan Rapat Koordinasi pada ..."
https://www.kemenkopmk.go.id/artikel/kemenko-pmk-persiapkan-sidang-soca-ascc-2019,Kemenko PMK Persiapkan Sidang SOCA ASCC 2019 | Situs ...https://www.kemenkopmk.go.id › artikel › kemenko-p...CachedTranslate this page,"Oct 21, 2019 - Yogyakarta (18/10) – Kemenko PMK menggelar Rapat Persiapan Sidang Senior Officials Commitee for ASCC (SOCA) ke-27, ASEAN Socio ..."
https://www.kemenkopmk.go.id/artikel/penyuluh-dan-pekerja-sosial-kunci-keberhasilan-pembangunan-sdm-unggul,Penyuluh dan Pekerja Sosial Kunci Keberhasilan ...https://www.kemenkopmk.go.id › artikel › penyuluh-da...CachedTranslate this page,"Oct 10, 2019 - Badung (9/10) -- Dalam rangkaian kunjungan kerja di Badung, Bali, Deputi Bidang Koordinasi Pemberdayaan Masyarakat, Desa dan Kawasan ..."
https://www.kemenkopmk.go.id/artikel/deputi-bidang-koordinasi-kerawanan-sosial-dan-dampak-bencana-tinjau-penanganan-bencana-angin,Deputi Bidang Koordinasi Kerawanan Sosial dan Dampak ...https://www.kemenkopmk.go.id › artikel › deputi-bidan...CachedTranslate this page,"Oct 29, 2019 - Kota Batu (28/10) – Mengawali penanganan bencana puting beliung di Kota Batu Jawa Timur Deputi Bidang Koordinasi Kerawanan Sosial ..."
http://www.kemenkopmk.go.id/artikel/disepakati-tema-hdi-2018-dan-lokasi-acaranya,"Disepakati, Tema HDI 2018 dan Lokasi Acaranya | Situs ...www.kemenkopmk.go.id › artikel › disepakati-tema-hdi...CachedTranslate this page","Oct 15, 2018 - ... PMK Dukung Pengembangan Olahraga Rekreasi untuk Kesejahteraan Masyarakat · Menko PMK Buka Lokakarya Penanggulangan Stunting."
https://www.kemenkopmk.go.id/artikel/kemenko-pmk-koordinasikan-percepatan-penanganan-pascabencana-banjir-bandang-sentani,Kemenko PMK Koordinasikan Percepatan Penanganan ...https://www.kemenkopmk.go.id › artikel › kemenko-p...CachedTranslate this page,"Sep 30, 2019 - Jakarta (30/9) -- Kementerian Koordinator Bidang Pembangunan Manusia dan Kebudayaan (Kemenko PMK) mengadakan rapat koordinasi ..."
http://www.kemenkopmk.go.id/artikel/uea-indonesia-merupakan-mitra-penting-tppo,Berita dan Artikel | Situs Resmi Kementerian ... - Kemenko PMKwww.kemenkopmk.go.id › artikel › uea-indonesia-meru...CachedTranslate this page,"Kunjungan Menko PMK ini membicarakan dengan berbagai isu strategis diantaranya penanganan stunting, BPJS Kesehatan, harga obat tinggi dan ..."
https://www.kemenkopmk.go.id/artikel/dody-pancasila-menyatukan-keberagaman-indonesia,Dody : Pancasila Menyatukan Keberagaman Indonesia | Situs ...https://www.kemenkopmk.go.id › artikel › dody-pancas...CachedTranslate this page,"Oct 7, 2019 - Jakarta (7/10) – Deputi Bidang Koordinasi Kerawanan Sosial dan Dampak Bencana Kemenko PMK Dody Usodo, senin pagi menjadi salah ..."
http://www.kemenkopmk.go.id/artikel/menko-pmk-membuka-rapat-koordinasi-nasional-kementerian-desa-dan-pdt?page=2,Berita dan Artikel | Situs Resmi Kementerian ... - Kemenko PMKwww.kemenkopmk.go.id › artikel › menko-pmk-memb...CachedTranslate this page,Dana desa sesungguhnya dapat digunakan dalam pencegahan dan penanggulangan stunting. Hal itu merupakan suatu bentuk inovasi intervensi pencegahan ...
https://www.kemenkopmk.go.id/artikel/implementasi-penggunaan-sistem-size-20-dengan-pendekatan-one-health,Implementasi Penggunaan Sistem Size 2.0 dengan ...https://www.kemenkopmk.go.id › artikel › implementasi...CachedTranslate this page,"Sep 20, 2019 - Jakarta (19/08) - Kementerian Koordinator Bidang Pembangunan Manusia dan Kebudayaan (Kemenko PMK) mengadakan rapat koordinasi ..."
https://www.kemenkopmk.go.id/artikel/kemenko-pmk-matangkan-persiapan-diseminasi-kebijakan-penyetaraan-penghasilan-tetap-siltap,Kemenko PMK Matangkan Persiapan Diseminasi Kebijakan ...https://www.kemenkopmk.go.id › artikel › kemenko-p...CachedTranslate this page,"Mar 10, 2019 - Bogor (8/03) — Seiring dengan ditetapkannya Peraturan Pemerintah (PP) nomor 11 tahun 2019 tentang kebijakan penyetaraan penghasilan ..."
https://www.kemenkopmk.go.id/artikel/rakor-persiapan-penyelenggaran-pekan-olahraga-nasional-pon-ke-20,Rakor Persiapan Penyelenggaran Pekan Olahraga Nasional ...https://www.kemenkopmk.go.id › artikel › rakor-persia...CachedTranslate this page,"Sep 24, 2019 - Jakarta (23/9)-- Kementerian Koordinator Bidang Pembangunan Manusia dan Kebudayaan (Kemenko PMK) mengadakan rapat mengenai ..."
https://www.kemenkopmk.go.id/artikel/kemenko-pmk-tinjau-pelaksanaan-dana-desa-di-kabupaten-landak,Kemenko PMK Tinjau Pelaksanaan Dana Desa di Kabupaten ...https://www.kemenkopmk.go.id › artikel › kemenko-p...CachedTranslate this page,"Apr 9, 2019 - Ngabang (8/4) --- Plt. Deputi Bidang Koordinasi Pemberdayaan Masyarakat, Desa, dan Kawasan, Sonny Harry B Harmadi, berkesempatan ..."
https://www.kemenkopmk.go.id/informasipublik/organisasi-dan-standar-layanan-informasi,Organisasi dan Standar Layanan Informasi | Situs Resmi ...https://www.kemenkopmk.go.id › informasipublik › org...CachedSimilarTranslate this page,Organisasi dan Standar Layanan Informasi. Kategori: Organisasi PPID. Gambar Pendukung: Kontak Kami. 01 Alamat Jalan Medan Merdeka Barat No. 3 Jakarta ...
https://www.kemenkopmk.go.id/artikel/nyoman-menuju-indonesia-yang-bahagia-mari-perangi-narkoba-sampai-ke-akarnya,"Nyoman : Menuju Indonesia yang Bahagia, Mari Perangi ...https://www.kemenkopmk.go.id › artikel › nyoman-me...CachedTranslate this page","Aug 2, 2019 - Jakarta (1/8) – “Pemuda merupakan pelaku pembangunan dimasa depan yang memiliki peran strategis bagi kemajuan bangsa, jangan ..."
https://www.kemenkopmk.go.id/artikel/kemenko-pmk-dan-itb-bersinergi-membangun-desa,Kemenko PMK dan ITB Bersinergi Membangun Desa | Situs ...https://www.kemenkopmk.go.id › artikel › kemenko-p...CachedTranslate this page,"Sep 21, 2019 - Bandung (20/9) -- Pemerintahan Joko Widodo-Jusuf Kalla berkomitmen untuk membangun Indonesia dari pinggiran, termasuk dari desa."
https://www.kemenkopmk.go.id/artikel/perluasan-bpnt-tahap-ii-september-2019-terus-dikoordinasikan,Perluasan BPNT Tahap II September 2019 Terus ...https://www.kemenkopmk.go.id › artikel › perluasan-bp...CachedTranslate this page,"Jul 19, 2019 - Jakarta (19/07) - Asisten Deputi Bidang Kompensasi Sosial Kemenko PMK, Herbin Manihuruk, memipin rapat koordinasi Persiapan ..."
https://www.kemenkopmk.go.id/artikel/menko-pmk-selama-pemerintahan-presiden-jokowi-kesejahteraan-rakyat-meningkat,Menko PMK: Selama Pemerintahan Presiden Jokowi ...https://www.kemenkopmk.go.id › artikel › menko-pmk-...CachedTranslate this page,"Nov 10, 2018 - Surakarta (10/11)--Keberpihakan Pemerintah bagi masyarakat yang tidak mampu, agar dapat hidup layak sangat tinggi. Berbagai kebijakan ..."
https://www.kemenkopmk.go.id/artikel/kemenko-pmk-gelar-rapat-evaluasi-triwulan-iii-jamsos-tenaga-kerja-tahun-2019,Kemenko PMK Gelar Rapat Evaluasi Triwulan III Jamsos ...https://www.kemenkopmk.go.id › artikel › kemenko-p...CachedTranslate this page,"Oct 31, 2019 - Jakarta (31/10) --- Mewakili Asisten Deputi Jaminan Sosial Kemenko PMK, Togap Simangunsong, Kepala Bidang Asistensi Sosial Kemenko ..."
https://www.kemenkopmk.go.id/artikel/evaluasi-kegiatan-gugus-tugas-gnrm-di-kemenko-pmk,Evaluasi Kegiatan Gugus Tugas GNRM di Kemenko PMK ...https://www.kemenkopmk.go.id › artikel › evaluasi-kegi...CachedTranslate this page,"Oct 1, 2019 - Jakarta (30/09) -- Wakil Ketua Harian GT GNRM Kemenko PMK, Ponco Respati Nugroho memimpin rapat evaluasi kegiatan Gugus Tugas ..."
https://www.kemenkopmk.go.id/artikel/choesni-program-vokasi-penting-dalam-pemberdayaan-penyandang-disabilitas,Choesni: Program Vokasi Penting Dalam Pemberdayaan ...https://www.kemenkopmk.go.id › artikel › choesni-prog...CachedTranslate this page,"Sep 18, 2019 - ... PMK Dukung Pengembangan Olahraga Rekreasi untuk Kesejahteraan Masyarakat · Menko PMK Buka Lokakarya Penanggulangan Stunting."
https://www.kemenkopmk.go.id/artikel/herbert-dana-desa-mampu-mendorong-perekonomian-lokal-di-ntt,Herbert: Dana Desa Mampu Mendorong Perekonomian Lokal ...https://www.kemenkopmk.go.id › artikel › herbert-dana...CachedTranslate this page,"Apr 29, 2019 - Kupang (26/4). Dalam rangka evaluasi pemanfaatan Dana Desa yang telah berlangsung selama 4 (empat) tahun, Kedeputian Bidang ..."
https://www.kemenkopmk.go.id/artikel/kemenko-pmk-adakan-rapat-peningkatan-kualitas-penulisan-pidato,Kemenko PMK Adakan Rapat Peningkatan Kualitas ...https://www.kemenkopmk.go.id › artikel › kemenko-p...CachedTranslate this page,"Nov 12, 2018 - Jakarta (12/11)--Asisten Deputi Ketahanan dan Kesejahteraan Keluarga Kemenko PMK, Wahyuni Tri Indarty memimpin rapat Peningkatan ..."
https://www.kemenkopmk.go.id/artikel/bersama-kl-terkait-kemenko-pmk-evaluasi-germas-dan-rencana-tindak-lanjutnya,"Bersama K/L Terkait, Kemenko PMK Evaluasi GERMAS dan ...https://www.kemenkopmk.go.id › artikel › bersama-kl-t...CachedTranslate this page","Jul 15, 2019 - Jakarta (15/7) – Dalam rangka Koordinasi, Sinkronisasi dan Pengendalian (KSP) tentang pelaksanaan GERMAS, Kemenko PMK bersama ..."
https://www.kemenkopmk.go.id/artikel/kemenko-pmk-hadir-dalam-munas-iv-koalisi-kependudukan-indonesia-ke-4,Kemenko PMK Hadir Dalam Munas IV Koalisi Kependudukan ...https://www.kemenkopmk.go.id › artikel › kemenko-p...CachedTranslate this page,"Sep 13, 2019 - Tangerang Selatan (12/09) – “ Saya mengapresiasi Koalisi Kependudukan Indonesia sebagai lumbung pikir yang secara konsisten terus ..."
https://www.kemenkopmk.go.id/artikel/sipp-desa-untuk-menguatkan-pemberdayaan-dan-pembangunan-desa,SIPP Desa untuk Menguatkan Pemberdayaan dan ...https://www.kemenkopmk.go.id › artikel › sipp-desa-un...CachedTranslate this page,"Sep 26, 2019 - Jakarta (23/9) – Dalam rangka sinergi pendamping dan penyuluh untuk penguatan pemberdayaan masyarakat dan percepatan pembangunan ..."
https://www.kemenkopmk.go.id/artikel/permendesa-terkait-pembinaan-daerah-tertinggal-harus-segera-disiapkan,Permendesa Terkait Pembinaan Daerah Tertinggal Harus ...https://www.kemenkopmk.go.id › artikel › permendesa-...CachedTranslate this page,"Jul 29, 2019 - Jakarta (29/7) - Kementerian Koordinator Bidang Pembangunan Manusia dan Kebudayaan (Kemenko PMK) mengadakan rapat pembahasan ..."
https://www.kemenkopmk.go.id/artikel/kemenko-pmk-melakukan-koordinasi-pembentukan-pokja-p3aks,Kemenko PMK melakukan koordinasi Pembentukan Pokja ...https://www.kemenkopmk.go.id › artikelCachedTranslate this page,"Sep 24, 2019 - Jakarta (24/9) -- Sebagai bentuk perwujudan komitmen pemerintah dalam upaya melindungi perempuan dan anak, khususnya dalam ..."
http://www.kemenkopmk.go.id/artikel/iptek-kunci-kemajuan-daya-saing-bangsa,"Iptek, Kunci Kemajuan Daya Saing Bangsa | Situs Resmi ...www.kemenkopmk.go.id › artikel › iptek-kunci-kemaju...CachedTranslate this page","Aug 22, 2019 - Jakarta (22/) - Penguasaan Ilmu Pengetahuan dan Teknologi (Iptek) menjadi kunci untuk membangun kekuatan daya saing agar ..."
https://www.kemenkopmk.go.id/artikel/bangun-karakter-bangsa-lewat-pemanfaatan-objek-pemajuan-kebudayaan-permainan-rakyat-dan,Bangun Karakter Bangsa Lewat Pemanfaatan Objek ...https://www.kemenkopmk.go.id › artikel › bangun-kara...CachedTranslate this page,"Sep 10, 2019 - Jakarta (10/9) -- Deputi Bidang Koordinasi Kebudayaan Kementerian Koordinator Bidang Pembangunan Manusia dan Kebudayaan (Kemenko ..."
https://www.kemenkopmk.go.id/artikel/kemenko-pmk-gelar-rakor-penguatan-pendidikan-karakter-melalui-pendidikan-agama-islam,Kemenko PMK Gelar Rakor Penguatan Pendidikan Karakter ...https://www.kemenkopmk.go.id › artikel › kemenko-p...CachedTranslate this page,"Jul 27, 2019 - Semarang (23/7) -- Sebagai bentuk koordinasi, sinkronisasi dan pengendalian kebijakan Pemerintah Pusat dan Daerah dalam rangka ..."
https://www.kemenkopmk.go.id/artikel/pemerintah-indonesia-perkuat-komitmen-penanggulangan-tembakau,Pemerintah Indonesia Perkuat Komitmen Penanggulangan ...https://www.kemenkopmk.go.id › artikel › pemerintah-i...CachedTranslate this page,"Sep 25, 2019 - Bogor (25/9) - Sebagai salah satu negara yang memiliki permasalahan tembakau di dunia, Indonesia telah melakukan berbagai upaya untuk ..."
https://www.kemenkopmk.go.id/artikel/ksp-antisipasi-potensi-bencana-kekeringan-dan-karhutla-kemenko-pmk-gelar-konferensi-pers,KSP Antisipasi Potensi Bencana Kekeringan dan Karhutla ...https://www.kemenkopmk.go.id › artikel › ksp-antisipas...CachedTranslate this page,"Jul 30, 2019 - Jakarta (30/07)--- “Negara akan terus hadir untuk mengatasi dan membantu masyarakat yang terdampak bencana kekeringan dan Karhutla."
https://www.kemenkopmk.go.id/artikel/pemerintah-perkuat-kebijakan-advokasi-kie-tentang-program-kkbpk,Pemerintah Perkuat Kebijakan Advokasi-KIE Tentang ...https://www.kemenkopmk.go.id › artikel › pemerintah-...CachedTranslate this page,"Oct 15, 2019 - Jakarta (15/10) – Penyelenggaraan program kependudukan, keluarga berencana, dan pembangunan kependudukan (KKBPK) di daerah ..."
https://www.kemenkopmk.go.id/artikel/sonny-manusia-unggul-mampu-memberikan-kontribusi-nyata-apapun-kondisinya,Sonny: Manusia Unggul Mampu Memberikan Kontribusi Nyatahttps://www.kemenkopmk.go.id › artikel › sonny-manu...CachedTranslate this page,"Aug 27, 2019 - ... PMK Dukung Pengembangan Olahraga Rekreasi untuk Kesejahteraan Masyarakat · Menko PMK Buka Lokakarya Penanggulangan Stunting."
https://www.kemenkopmk.go.id/artikel/kemenko-pmk-hadiri-gelaran-anoc-world-beach-games-2019,Kemenko PMK Hadiri Gelaran ANOC World Beach Games 2019https://www.kemenkopmk.go.id › artikel › kemenko-p...CachedTranslate this page,"Oct 15, 2019 - Jakarta (15/10)--- Setelah resmi dibuka di di Amphiteatre Katara, Doha, Qatar pada 12 Oktober 2019 lalu, di ajang ANOC World Beach Games ..."
https://www.kemenkopmk.go.id/daftar-pejabat-eselon-1-dan-2-lingkup-kemenko-pmk,Daftar Pejabat Eselon 1 dan 2 lingkup Kemenko PMK | Situs ...https://www.kemenkopmk.go.id › daftar-pejabat-eselon-...CachedTranslate this page,Berikut daftar Pejabat eselon 1 dan 2 di lingkup Kementerian Koordinator Bidang Pembangunan Manusia dan Kebudayaan ...
https://www.kemenkopmk.go.id/artikel/kemenko-pmk-tinjau-inovasi-pertanian-organik-desa-kukuh-tabanan-bali,Kemenko PMK Tinjau Inovasi Pertanian Organik Desa Kukuh ...https://www.kemenkopmk.go.id › artikel › kemenko-p...CachedTranslate this page,"Aug 29, 2019 - Tabanan (28/8) - Deputi Bidang Koordinasi Pemberdayaan Masyarakat, Desa dan Kawasan Kemenko PMK RI, Dr. Sonny Harry B. Harmadi ..."
http://www.kemenkopmk.go.id/artikel/menko-puan-bahas-rencana-kerja-dan-anggaran-tahun-2020-dengan-banggar-dpr,Menko Puan Bahas Rencana Kerja dan Anggaran Tahun ...www.kemenkopmk.go.id › artikel › menko-puan-bahas...CachedTranslate this page,"Aug 29, 2019 - Jakarta (29/8) --- Menko PMK Puan Maharani, bersama Menko Polhukam Wiranto, serta Menko Perekonomian Darmin Nasution, kamis siang ..."
https://www.kemenkopmk.go.id/artikel/kemenko-pmk-gelar-rakor-revitalisasi-saka-gerakan-pramuka,Kemenko PMK Gelar Rakor Revitalisasi SAKA Gerakan ...https://www.kemenkopmk.go.id › artikel › kemenko-p...CachedTranslate this page,"Sep 23, 2019 - Jakarta (23/9) -- Deputi Bidang Koordinasi Kebudayaan Kemenko PMK, Nyoman Shuida memberikan arahan pada Rapat Koordinasi ..."
https://www.kemenkopmk.go.id/artikel/kemenko-pmk-ajak-masyarakat-mengunjungi-museum,Kemenko PMK Ajak Masyarakat Mengunjungi Museum | Situs ...https://www.kemenkopmk.go.id › artikel › kemenko-p...CachedTranslate this page,"Oct 17, 2019 - Jakarta (12/10) -- Kemenko PMK tak bosan mengajak masyarakat untuk mengunjungi dan melestarikan museum. Pada Puncak Peringatan ..."
https://www.kemenkopmk.go.id/artikel/rehabilitasi-pasca-banjir-sulawesi-tenggara-dipercepat,Rehabilitasi Pasca Banjir Sulawesi Tenggara Dipercepat ...https://www.kemenkopmk.go.id › artikel › rehabilitasi-p...CachedTranslate this page,"Jul 10, 2019 - Jakarta (10/7) – Bencana banjir yang melanda Kabupaten Konawe Utara, Provinsi Sulawesi Tenggara, sejak awal Juni 2019, masih ..."
https://www.kemenkopmk.go.id/artikel/rakor-perbaikan-tata-kelola-layanan-pmi-pemda-berperan-dominan,"Rakor Perbaikan Tata Kelola Layanan PMI, Pemda Berperan ...https://www.kemenkopmk.go.id › artikel › rakor-perbai...CachedTranslate this page","Oct 3, 2019 - Surabaya (3/10) -- Deputi Bidang Koordinasi Perlindungan Perempuan dan Anak Kemenko PMK, Ghafur Dharmaputra memberikan arahan ..."
https://www.kemenkopmk.go.id/artikel/deputi-perlindungan-perempuan-dan-anak-kemenko-pmk-menutup-secara-resmi-rakornas-gt-tppo,Deputi Perlindungan Perempuan dan Anak Kemenko PMK ...https://www.kemenkopmk.go.id › artikel › deputi-perlin...CachedTranslate this page,"Oct 17, 2019 - Kupang (16/10) -- Setelah selama 2 hari berdiskusi dan berargumen untuk menyamakan persepsi, mencari solusi, dan saling berkolaborasi ..."
https://www.kemenkopmk.go.id/artikel/kemenko-pmk-fasilitasi-mou-riway-foundation-dengan-lsm-sulteng-bergerak-bangun-100-rumah,Kemenko PMK Fasilitasi MoU Riway Foundation dengan LSM ...https://www.kemenkopmk.go.id › artikel › kemenko-p...CachedTranslate this page,"Sep 20, 2019 - Jakarta (20/9) -- Untuk mempercepat penyediaan hunian yang layak bagi korban gempa dan likuifaksi di Sulteng, perusahaan asal Singapura, ..."
http://www.kemenkopmk.go.id/artikel/membangun-karakter-bangsa-melalui-permainan-rakyat-dan-olahraga-tradisional,Membangun Karakter Bangsa Melalui Permainan Rakyat dan ...www.kemenkopmk.go.id › artikel › membangun-karakt...CachedTranslate this page,"Oct 31, 2018 - Guna mendorong percepatan pelaksanaan UU No. 5 tahun 2017 tentang Pemajuan Kebudayaan, Kementerian Koordinator Bidang ..."
https://www.kemenkopmk.go.id/artikel/percepatan-pembangunan-kabupaten-kepulauan-mentawai-semakin-difokuskan,Percepatan Pembangunan Kabupaten Kepulauan Mentawai ...https://www.kemenkopmk.go.id › artikel › percepatan-p...CachedTranslate this page,"Oct 7, 2019 - Jakarta (7/9) – Rencana pemekaran di Mentawai serta intervensi pembangunan Kabupaten Kepulauan Mentawai Sebagai Daerah 3T semakin ..."
https://www.kemenkopmk.go.id/artikel/website-binwin-siap-di-luncurkan,Website BinWin Siap di Luncurkan | Situs Resmi Kementerian ...https://www.kemenkopmk.go.id › artikel › website-binw...CachedTranslate this page,"Feb 21, 2019 - Jakarta (21/2) -- Plt. Deputi Bidang Koordinasi Perlindungan Perempuan dan Anak Kemenko PMK, Ghafur Dharmaputra memimpin rapat ..."
https://www.kemenkopmk.go.id/artikel/menko-puan-sekolah-indonesia-di-meksiko-bukti-nyata-persahabatan-kedua-negara,Menko Puan : Sekolah Indonesia di Meksiko Bukti Nyata ...https://www.kemenkopmk.go.id › artikel › menko-puan...CachedTranslate this page,"Sep 27, 2019 - Mexico City (26/9) -- Hubungan kerja sama Indonesia dan Meksiko kemudian semakin terbuka dan meningkat dalam berbagai bidang, ..."
https://www.kemenkopmk.go.id/artikel/kemenko-pmk-bahas-kerjasama-dengan-usaid,Kemenko PMK Bahas Kerjasama dengan USAID | Situs ...https://www.kemenkopmk.go.id › artikel › kemenko-p...CachedTranslate this page,"May 29, 2019 - Jakarta (28/05) – Biro Perencanaan dan Kerjasama, Kemenko PMK, menyelenggarakan Rapat Koordinasi Pembahasan Kerjasama Kemenko ..."
https://www.kemenkopmk.go.id/artikel/pemerintah-sepakati-penetapan-ran-ppdt-2020,Pemerintah Sepakati Penetapan RAN-PPDT 2020 | Situs ...https://www.kemenkopmk.go.id › artikel › pemerintah-s...CachedTranslate this page,"May 17, 2019 - Jakarta (17/5) – Pemerintah lintas kementerian/lembaga (k/l) menyepakati beberapa hal terkait penetapan Rencana Aksi Nasional Percepatan ..."
https://www.kemenkopmk.go.id/artikel/penggunaan-rkas-dana-bos-agar-bantuan-pemerintah-lebih-efektif-dan-efisien,Penggunaan RKAS Dana Bos Agar Bantuan Pemerintah ...https://www.kemenkopmk.go.id › artikel › penggunaan-...CachedTranslate this page,"Aug 26, 2019 - Jakarta (26/08) – Sehubungan dengan rencana diterapkannya aplikasi pelaporan bantuan operasional sekolah (RKAS) pada tahun 2019, ..."
https://www.kemenkopmk.go.id/artikel/tim-rb-kemenko-pmk-laksanakan-monitoring-dan-evaluasi-pelaksanaan-rb-triwulan-iii-tahun-2019,Tim RB Kemenko PMK Laksanakan Monitoring dan Evaluasi ...https://www.kemenkopmk.go.id › artikel › tim-rb-keme...CachedTranslate this page,"Oct 28, 2019 - Jakarta (28/10) - Kepala Biro Perencanaan dan Kerjasama Kemenko PMK, Yohan memimpin rapat monitoring dan evaluasi berkala ..."
https://www.kemenkopmk.go.id/artikel/pemerintah-review-usulan-anggaran-kwartir-nasional-gerakan-pramuka-tahun-anggaran-2019,Pemerintah Review Usulan Anggaran Kwartir Nasional ...https://www.kemenkopmk.go.id › artikel › pemerintah-r...CachedTranslate this page,"Mar 15, 2019 - Jakarta (14/3)—Pemerintah akan melakukan review dan penelaahan terhadap usulan anggaran Kwarnas GP Tahun 2019 sebesar Rp 74,7 ..."
https://www.kemenkopmk.go.id/artikel/kemenko-pmk-menindaklanjuti-penyelesaian-permasalahan-kawasan-transmigrasi-di-kabupaten,Kemenko PMK Menindaklanjuti Penyelesaian Permasalahan ...https://www.kemenkopmk.go.id › artikel › kemenko-p...CachedTranslate this page,"Jun 20, 2019 - Jakarta (18/6) = Kemenko PMK mengadakan rakor Tindak Lanjut Penyelesaian Permasalahan Kawasan Transmigrasi di Kabupaten Natuna."
https://www.kemenkopmk.go.id/artikel/penyederhanaan-pelaporan-keuangan-desa-melalui-interkoneksi-omspan-siskeudes,Penyederhanaan Pelaporan Keuangan Desa Melalui ...https://www.kemenkopmk.go.id › artikel › penyederhan...CachedTranslate this page,"Aug 19, 2019 - ... PMK Dukung Pengembangan Olahraga Rekreasi untuk Kesejahteraan Masyarakat · Menko PMK Buka Lokakarya Penanggulangan Stunting."
https://www.kemenkopmk.go.id/artikel/rakor-tindak-lanjut-kemenko-pmk-tentang-perubahan-bentuk-iain-menjadi-uin-bengkulu,Rakor Tindak Lanjut Kemenko PMK tentang Perubahan ...https://www.kemenkopmk.go.id › artikel › rakor-tindak...CachedTranslate this page,"Sep 3, 2019 - Jakarta (03/09)--- Merubah bentuk Institut Agama Islam Negeri (IAIN) menjadi Universitas Islam Negeri (UIN) dinilai masih memerlukan banyak ..."
https://www.kemenkopmk.go.id/artikel/harus-gotong-royong-dalam-pemberantasan-tppo,Harus Gotong Royong dalam Pemberantasan TPPO | Situs ...https://www.kemenkopmk.go.id › artikel › harus-goton...CachedTranslate this page,"Oct 15, 2019 - Kupang (15/10) -- Deputi Bidang Koordinasi Perlindungan Perempuan dan Anak Kemenko PMK, Ghafur Dharmaputra menyampaikan ..."
https://www.kemenkopmk.go.id/artikel/tantangan-sdm-unggul-untuk-indonesia-maju-di-era-revolusi-industri-40,Tantangan SDM Unggul untuk Indonesia Maju di Era Revolusi ...https://www.kemenkopmk.go.id › artikel › tantangan-sd...CachedTranslate this page,"Sep 20, 2019 - ... PMK Dukung Pengembangan Olahraga Rekreasi untuk Kesejahteraan Masyarakat · Menko PMK Buka Lokakarya Penanggulangan Stunting."
https://www.kemenkopmk.go.id/artikel/kemenko-pmk-dorong-optimalisasi-pemanfaatan-dana-desa-2019-di-provinsi-kalimantan-tengah,Kemenko PMK Dorong Optimalisasi Pemanfaatan Dana Desa ...https://www.kemenkopmk.go.id › artikel › kemenko-p...CachedTranslate this page,"Jul 2, 2019 - Palangka Raya (2/07) -- Dalam rangka percepatan penyaluran dan optimalisasi pemanfaatan Dana Desa tahun 2019 di Provinsi Kalimantan ..."
https://www.kemenkopmk.go.id/artikel/menko-pmk-resmi-tutup-piala-presiden-2019,Menko PMK Resmi Tutup Piala Presiden 2019 | Situs Resmi ...https://www.kemenkopmk.go.id › artikel › menko-pmk-...CachedTranslate this page,"Apr 13, 2019 - Malang (12/04) - Mewakili Presiden Joko Widodo, Menko PMK Puan Maharani menutup gelaran Piala Presiden 2019 di Stadion Kanjuruan ..."
https://www.kemenkopmk.go.id/artikel/kemenko-pmk-persiapkan-posisi-indonesia-dalam-sidang-soca-ke-26-dan-ascc-ke-21,Kemenko PMK Persiapkan Posisi Indonesia dalam Sidang ...https://www.kemenkopmk.go.id › artikel › kemenko-p...CachedTranslate this page,"Apr 16, 2019 - Bogor (15/04) -- Rapat Persiapan Sidang Senior Officials Commitee for ASCC (SOCA) ke-26, ASEAN Socio Cultural Community (ASCC) ke-21, ..."
https://www.kemenkopmk.go.id/pengumuman/siaran-pers,Siaran Pers | Situs Resmi Kementerian Koordinator Bidang ...https://www.kemenkopmk.go.id › pengumuman › siara...CachedSimilarTranslate this page,"Attachment, Size. Siaran Pers no.86 - Berikan Pembekalan di KAMABA Universitas Indonesia, Menko PMK Tekankan Pentingnya Nilai-nilai Pancasila dan Ajak ..."
https://www.kemenkopmk.go.id/artikel/pelatihan-wirabangsa-batch-i-2019-resmi-ditutup,Pelatihan Wirabangsa Batch I 2019 Resmi Ditutup | Situs ...https://www.kemenkopmk.go.id › artikel › pelatihan-wir...CachedTranslate this page,"Sep 10, 2019 - ... PMK Dukung Pengembangan Olahraga Rekreasi untuk Kesejahteraan Masyarakat · Menko PMK Buka Lokakarya Penanggulangan Stunting."
https://www.kemenkopmk.go.id/artikel/teknologi-permudah-perempuan-bangun-jejaring-kerja,Teknologi Permudah Perempuan Bangun Jejaring Kerja ...https://www.kemenkopmk.go.id › artikel › teknologi-pe...CachedTranslate this page,"Oct 30, 2019 - Jakarta (30/10) – Perempuan memiliki peranan sangat penting di dalam setiap lini kehidupan. Namun ironis, masih banyak perempuan di ..."
https://www.kemenkopmk.go.id/artikel/kemenko-pmk-koordinasikan-tindak-lanjut-sidang-soca-ke-26-dan-ascc-ke-21,Kemenko PMK Koordinasikan Tindak Lanjut Sidang SOCA ke ...https://www.kemenkopmk.go.id › artikel › kemenko-p...CachedTranslate this page,"Jun 18, 2019 - Jakarta (17/6) - Kepala Biro Perencanaan dan Kerjasama Kemenko PMK, Yohan membuka dan memimpin rapat koordinasi (Rakor) Tindak ..."
https://www.kemenkopmk.go.id/artikel/ghafur-pelaku-tppo-harus-diberi-hukuman-yang-setimpal-untuk-efek-jera,Ghafur : Pelaku TPPO Harus diberi Hukuman yang Setimpal ...https://www.kemenkopmk.go.id › artikel › ghafur-pelak...CachedTranslate this page,"Jul 10, 2019 - Jakarta (10/07) – Deputi Bidang Koordinasi Perlindungan Perempuan dan Anak Kemenko PMK, Ghafur Dharmaputra, pagi ini memimpin rakor ..."
https://www.kemenkopmk.go.id/artikel/kemenko-pmk-laksanakan-fgd-pencegahan-dan-penanganan-kekerasan-terhadap-perempuan-dan-anak,Kemenko PMK Laksanakan FGD Pencegahan dan ...https://www.kemenkopmk.go.id › artikel › kemenko-p...CachedTranslate this page,"Sep 19, 2019 - Jakarta (19/9)-- Deputi Bidang Koordinasi Perlindungan Perempuan dan Anak Kemenko PMK, Ghafur Dharmaputra memberikan arahan pada ..."
https://www.kemenkopmk.go.id/artikel/kemenko-pmk-fes-perkuat-kerjasama,FES Perkuat Kerjasama | Situs Resmi ... - Kemenko PMKhttps://www.kemenkopmk.go.id › artikel › kemenko-p...CachedTranslate this page,"Oct 2, 2018 - Jakarta (02/10) -- Deputi Bidang Koordinasi Penanggulangan Kemiskinan dan Perlindungan Sosial Kemenko PMK, Tb. Achmad Choesni ..."
https://www.kemenkopmk.go.id/artikel/tingkatkan-kapasitas-pemerintah-dan-masyarakat-dalam-penanggulangan-bencana-daerah,Tingkatkan Kapasitas Pemerintah dan Masyarakat Dalam ...https://www.kemenkopmk.go.id › artikel › tingkatkan-k...CachedTranslate this page,"Apr 16, 2019 - Balikpapan (15/04) -- Kedeputian Bidang Koordinasi Kerawanan Sosial dan Dampak Bencana, Kemenko PMK menggelar rakor bertema ..."
https://www.kemenkopmk.go.id/artikel/peran-pemda-dalam-penanganan-bencana-adalah-paling-utama,Peran Pemda dalam Penanganan Bencana Adalah Paling ...https://www.kemenkopmk.go.id › artikel › peran-pemda...CachedTranslate this page,"Sep 19, 2019 - Gorontalo (17/9) - Bertajuk “Rapat Koordinasi Pusat dan Daerah Peningkatan Kapasitas Pemerintah dan Masyarakat dalam Pengurangan ..."
https://www.kemenkopmk.go.id/artikel/songsong-bonus-demografi-dengan-kesiapan-sdm,Songsong Bonus Demografi dengan Kesiapan SDM | Situs ...https://www.kemenkopmk.go.id › artikel › songsong-bo...CachedTranslate this page,"Aug 7, 2019 - Jakarta (7/8) -- Kurang dari 10 tahun mendatang, Indonesia diprediksi akan mengalami fase puncak bonus demografi. Kondisi di mana jumlah ..."
https://www.kemenkopmk.go.id/artikel/rembuk-nasional-gerakan-indonesia-melayani-2019-hadirkan-inovator-pelayanan-publik,Rembuk Nasional Gerakan Indonesia Melayani 2019 ...https://www.kemenkopmk.go.id › artikel › rembuk-nasi...CachedTranslate this page,"Sep 21, 2019 - Banjarbaru (20/9) – Memasuki hari kedua penyelenggaran Pekan Kerja Nyata Revolusi Mental (PKN-RM) Kementerian PAN dan RB sebagai ..."
http://www.kemenkopmk.go.id/artikel/kemenko-pmk-koordinasikan-penanggulangan-bencana-kebakaran-hutan-dan-lahan,Kemenko PMK Koordinasikan Penanggulangan Bencana ...www.kemenkopmk.go.id › artikel › kemenko-pmk-koo...CachedTranslate this page,"Aug 12, 2019 - Jakarta, (12/08) — Deputi Bidang Koordinasi Kerawanan Sosial dan Dampak Bencana, Kemenko PMK, Dody Usodo HGS memimpin rakor ..."
https://www.kemenkopmk.go.id/artikel/menko-puan-resmikan-patung-soekarno-di-mexico-city,Menko Puan Resmikan Patung Soekarno di Mexico City ...https://www.kemenkopmk.go.id › artikel › menko-puan...CachedTranslate this page,"Sep 27, 2019 - Meksiko City (26/9) – Menko PMK Puan Maharani meresmikan patung Soekarno di Mexico City pada kamis waktu setempat. Keberadaan ..."
https://www.kemenkopmk.go.id/artikel/kemenko-pmk-dorong-percepatan-penyaluran-dana-desa-tahap-iii-tahun-2019,Kemenko PMK Dorong Percepatan Penyaluran Dana Desa ...https://www.kemenkopmk.go.id › artikel › kemenko-p...CachedTranslate this page,"Oct 5, 2019 - Jakarta (4/10) -- Mencermati lambatnya penyaluran Dana Desa, khususnya Tahap IIII, Deputi Bidang Koordinasi Pemberdayaan Masyarakat, ..."
https://www.kemenkopmk.go.id/artikel/deputi-iv-kemenko-pmk-sampaikan-orasi-ilmiah-dalam-rapat-senat-terbuka-dies-natalis-ke-64,Deputi IV Kemenko PMK Sampaikan Orasi Ilmiah dalam ...https://www.kemenkopmk.go.id › artikel › deputi-iv-ke...CachedTranslate this page,"Sep 19, 2019 - Yogyakarta (19/09)--- Seiring berjalannnya waktu, Fakultas Ekonomika dan Bisnis Universitas Gadjah Mada (FEB UGM) terus mengubah ..."
https://www.kemenkopmk.go.id/artikel/kawal-optimalisasi-program-asistensi-sosial-untuk-penyandang-disabilitas-dan-lansia-kemenko,Kawal Optimalisasi Program Asistensi Sosial untuk ...https://www.kemenkopmk.go.id › artikel › kawal-optim...CachedTranslate this page,"Sep 23, 2019 - Jakarta (23/09)--- Jelang berakhirnya tahun 2019, layanan dasar terutama yang menyasar Kaum Lansia dan Penyandang Disabilitas ..."
http://www.kemenkopmk.go.id/struktur-organisasi,Struktur Organisasi | Situs Resmi Kementerian Koordinator ...www.kemenkopmk.go.id › struktur-organisasiCachedSimilarTranslate this page,Berikut Struktur Organisasi Kemenko PMK. File Pendukung: Struktur Organisasi Kemenko PMK.pdf. Kontak Kami. 01 Alamat Jalan Medan Merdeka Barat No.
https://www.kemenkopmk.go.id/artikel/sonny-buka-tourism-trade-investment-and-floriculture-expo-2019-di-tomohon,"Sonny Buka Tourism, Trade, Investment and Floriculture Expo ...https://www.kemenkopmk.go.id › artikel › sonny-buka-...CachedTranslate this page","Aug 10, 2019 - Tomohon, kota indah nan sejuk, terletak di kaki Gunung Lokon dan Gunung Mahawe. Bunga menjadi produk utama kota ini, dari krisan kuning ..."
https://www.kemenkopmk.go.id/artikel/pemberdayaan-ekonomi-masyarakat-lokal-di-kabupaten-merauke,Pemberdayaan Ekonomi Masyarakat Lokal di Kabupaten ...https://www.kemenkopmk.go.id › artikel › pemberdaya...CachedTranslate this page,"Jun 26, 2019 - Jakarta (25/06) -- Kedeputian bidang Koordinasi Pemberdayaan Masyarakat, Desa dan Kawasan Kementerian Bidang Pembangunan ..."
http://www.kemenkopmk.go.id/artikel/kemenko-pmk-bahas-persiapan-penyusunan-rekomendasi-layanan-home-care-untuk-lansia,Kemenko PMK Bahas Persiapan Penyusunan Rekomendasi ...www.kemenkopmk.go.id › artikel › kemenko-pmk-bah...CachedTranslate this page,"Dec 13, 2018 - Jakarta (12/13)--- “Tujuan kita sebenarnya adalah bagaimana mengintegrasikan semua program K/L terhadap berbagai layanan Lansia di ..."
https://www.kemenkopmk.go.id/artikel/berdayakan-perempuan-agar-lebih-berperan,Berdayakan Perempuan Agar Lebih Berperan | Situs Resmi ...https://www.kemenkopmk.go.id › artikel › berdayakan-...CachedTranslate this page,"Oct 23, 2019 - Jakarta (22/10) -- Optimalisasi pemberdayaan perempuan di berbagai bidang, termasuk bidang sosial dan budaya, gencar dilakukan ..."
https://www.kemenkopmk.go.id/artikel/bimbingan-teknis-penyusunan-ran-cetak-biru-pilar-sosbud-asean-2025,Bimbingan Teknis Penyusunan RAN Cetak Biru Pilar Sosbud ...https://www.kemenkopmk.go.id › artikel › bimbingan-t...CachedTranslate this page,"Feb 23, 2019 - Bogor (22/2) Dalam rangka penyusunan Rencana Aksi Nasional Cetak Biru Pilar Sosbud ASEAN 2025, Biro Perencanaan dan Kerjasama ..."
https://www.kemenkopmk.go.id/reformasi-birokrasi/permenko-pmk-no-5-2018-roadmap-reformasi-birokrasi,Permenko PMK No. 5 / 2018 - Roadmap Reformasi Birokrasi ...https://www.kemenkopmk.go.id › reformasi-birokrasiCachedTranslate this page,"Oleh humaspmk on July 27, 2019. Permenko PMK No. 5 / 2018 - Roadmap Reformasi Birokrasi. Permenko PMK No. 5 Tahun 2018 Tentang Roadmap ..."
https://www.kemenkopmk.go.id/artikel/perkuat-implementasi-program-pmk-di-kecamatan-kemenko-pmk-siapkan-kader-perubahan,"Perkuat Implementasi Program PMK di Kecamatan, Kemenko ...https://www.kemenkopmk.go.id › artikel › perkuat-impl...CachedTranslate this page","Sep 26, 2019 - Surakarta (25/9) -- Deputi Bidang Kerawanan Sosial dan Dampak Bencana Kemenko PMK, Dody Usodo Hargo S membuka acara Rapat ..."
https://www.kemenkopmk.go.id/artikel/kemenko-pmk-siapkan-perluasan-bpnt-tahap-ii-september,Kemenko PMK Siapkan Perluasan BPNT Tahap II September ...https://www.kemenkopmk.go.id › artikel › kemenko-p...CachedTranslate this page,"Sep 2, 2019 - Jakarta (2/9) -- Asisten Deputi (Asdep) Bidang Kompensasi Sosial Kemenko PMK, Herbin Manihuruk memimpin rapat koordinasi teknis ..."
http://www.kemenkopmk.go.id/artikel/pmk-lainnya?page=4,PMK Lainnya | Situs Resmi Kementerian Koordinator Bidang ...www.kemenkopmk.go.id › artikel › pmk-lainnyaCachedSimilarTranslate this page,"Banjarmasin (20/9) – Sebagai Koordinator Gerakan Indonesia Bersatu (GIB), Kemendagri menyadari masih banyak Pekerjaan Rumah (PR) yang harus ..."
http://www.kemenkopmk.go.id/artikel/indonesia-darurat-pornografi,Indonesia Darurat Pornografi | Situs Resmi Kementerian ...www.kemenkopmk.go.id › artikel › indonesia-darurat-p...CachedTranslate this page,"Nov 5, 2018 - Yogyakarta, (05/11) -- Penetrasi pengguna Internet di Indonesia terus mengalami peningkatan, di tahun 2017, dari 262 juta penduduk ..."
https://www.kemenkopmk.go.id/artikel/pendidikan,Pendidikan | Situs Resmi Kementerian Koordinator Bidang ...https://www.kemenkopmk.go.id › artikel › pendidikanCachedSimilarTranslate this page,"Jakarta (31/10)--- Menko PMK, Muhadjir Effendy pada Kamis pagi melakukan konsolidasi terhadap kementerian dan lembaga negara yang berada di bawah ..."
https://www.kemenkopmk.go.id/artikel/agama,Agama | Situs Resmi Kementerian Koordinator Bidang ...https://www.kemenkopmk.go.id › artikel › agamaCachedSimilarTranslate this page,"Jakarta (31/10)--- Menko PMK, Muhadjir Effendy pada Kamis pagi melakukan konsolidasi terhadap kementerian dan lembaga negara yang berada di bawah ..."
https://www.kemenkopmk.go.id/artikel/budaya,Budaya | Situs Resmi Kementerian Koordinator Bidang ...https://www.kemenkopmk.go.id › artikel › budayaCachedSimilarTranslate this page,"Surakarta (25/10) -- ""Saya akan tetap mengawal Pemajuan Kebudayaan Nasional kita,"" demikian ditegaskan Menteri Koordinator Bidang Pembangunan ..."
https://www.kemenkopmk.go.id/artikel/gerakan-desa,Gerakan Desa | Situs Resmi Kementerian Koordinator Bidang ...https://www.kemenkopmk.go.id › artikel › gerakan-desaCachedSimilarTranslate this page,"Jakarta (31/10)--- Menko PMK, Muhadjir Effendy pada Kamis pagi melakukan konsolidasi terhadap kementerian dan lembaga negara yang berada di bawah ..."
https://www.kemenkopmk.go.id/reformasi-birokrasi/kegiatan,Kegiatan | Situs Resmi Kementerian Koordinator Bidang ...https://www.kemenkopmk.go.id › reformasi-birokrasiCachedTranslate this page,Jakarta (17/09)--- Keberhasilan Reformasi Birokrasi (RB) tidak sebatas tersedianya berbagai macam peraturan atau dokumen saja ataupun sebatas ...
https://www.kemenkopmk.go.id/artikel/sonny-penting-pembahasan-downstream-dalam-rancangan-perpers-sisnas-perdimana,"Sonny: Penting Pembahasan ""Downstream"" Dalam ...https://www.kemenkopmk.go.id › artikel › sonny-pentin...CachedTranslate this page","Feb 22, 2019 - ... PMK Dukung Pengembangan Olahraga Rekreasi untuk Kesejahteraan Masyarakat · Menko PMK Buka Lokakarya Penanggulangan Stunting."
https://www.kemenkopmk.go.id/artikel/kemenko-pmk-bahas-whistle-blowing-system-dan-penajaman-lembar-kerja-evaluasi-rb,Kemenko PMK Bahas Whistle Blowing System dan ...https://www.kemenkopmk.go.id › artikel › kemenko-p...CachedTranslate this page,"Apr 23, 2019 - Jakarta (04) – Asisten Deputi Ketahanan dan Kesejahteraan Keluarga Kemenko PMK, Wahyuni Tri Indarty, didampingi Inspektorat Kemenko ..."
https://www.kemenkopmk.go.id/artikel/perlindungan-sosial-dan-kemiskinan?page=1,Perlindungan Sosial dan Kemiskinan | Situs Resmi ...https://www.kemenkopmk.go.id › artikel › perlindunga...CachedTranslate this page,"Medan (18/07) – Asisten Deputi Penanganan Kemiskinan, Kemenko PMK, Suarmansyah, pagi ini memimpin Rapat Koordinasi terkait Program Penanganan ..."
https://www.kemenkopmk.go.id/artikel/pemuda-dan-olah-raga,Pemuda dan Olah Raga | Situs Resmi Kementerian ...https://www.kemenkopmk.go.id › artikel › pemuda-dan...CachedSimilarTranslate this page,"Jakarta (4/11) -- Mewakili Menteri Koordinator Bidang Pembangunan Manusia dan Kebudayaan (Menko PMK), Deputi Bidang Koordinasi Kebudayaan I ..."
https://www.kemenkopmk.go.id/artikel/bencana-dan-kerawanan-sosial,Bencana dan Kerawanan Sosial | Situs Resmi Kementerian ...https://www.kemenkopmk.go.id › artikel › bencana-dan...CachedSimilarTranslate this page,"Jakarta (31/10)--- Menko PMK, Muhadjir Effendy pada Kamis pagi melakukan konsolidasi terhadap kementerian dan lembaga negara yang berada di bawah ..."
https://www.kemenkopmk.go.id/sites/default/files/produkhukum/LAMPIRAN%20PERMENKO%201%20Tahun%202019%20PAUD%20HI.pdf,[PDF]LAMPIRAN PERMENKO 1 Tahun 2019 PAUD HI.pdfhttps://www.kemenkopmk.go.id › files › produkhukumCachedTranslate this page,b. Penyediaan Layanan. Pendidikan Keluarga untuk mencegah stunting. Jumlah kecamatan memiliki sekurang-kurangnya satu lembaga PAUD penyelenggara.
https://www.kemenkopmk.go.id/artikel/kependudukan-dan-kb,Kependudukan dan KB | Situs Resmi Kementerian ...https://www.kemenkopmk.go.id › artikel › kependuduk...CachedSimilarTranslate this page,"Jakarta (31/10)--- Menko PMK, Muhadjir Effendy pada Kamis pagi melakukan konsolidasi terhadap kementerian dan lembaga negara yang berada di bawah ..."
https://www.kemenkopmk.go.id/artikel/sosialisasi-dan-rapat-koordinasi-gerakanan-nasional-revolusi-mental?page=7,Berita dan Artikel | Situs Resmi Kementerian Koordinator ...https://www.kemenkopmk.go.id › artikel › sosialisasi-da...CachedTranslate this page,Jakarta (6/8) – Sebagai tindaklanjut hasil rapat di Sekretariat Negara tentang surat Ketua Dewan Perwakilan Rakyat (DPR) RI terkait Penyampaian Rancangan ...
https://www.kemenkopmk.go.id/sites/default/files/produkhukum/LAMPIRAN%20PERPRES%20RKP%20TAHUN%20%202018.pdf,[PDF]LAMPIRAN PERPRES RKP TAHUN 2018.pdf - Kemenko PMKhttps://www.kemenkopmk.go.id › sites › default › files › produkhukum,"Angka Kematian Ibu (AKI), Angka Kematian Bayi (AKB), dan prevalensi stunting (pendek dan sangat pendek) pada anak bawah dua tahun (baduta) mengalami ..."